Traceback (most recent call last):
  File "/tmp/orchestrator.py", line 281, in <module>
    main()
    ~~~~^^
  File "/tmp/orchestrator.py", line 228, in main
    stats, how, blocked = session_round(course)
                          ~~~~~~~~~~~~~^^^^^^^^
  File "/tmp/orchestrator.py", line 141, in session_round
    st = answer_task(t["task_id"], t["task_type"], bool(t.get("confirm")) or t["task_type"] == "review", stats)
  File "/tmp/orchestrator.py", line 63, in answer_task
    log("SERVE_ERR", task, err=json.dumps(r["error"])[:150])
    ~~~^^^^^^^^^^^^^^^^^^^^^^^^^^^^^^^^^^^^^^^^^^^^^^^^^^^^^
TypeError: log() got an unexpected keyword argument 'err'
[20:27:09] round [foundations]: ok {'answers': 12, 'tasks_done': 3, 'quizzes': 0, 'injected_wrong': 0, 'mismatches': 0}
round [foundations]: ok {'answers': 12, 'tasks_done': 3, 'quizzes': 0, 'injected_wrong': 0, 'mismatches': 0}
[20:27:09] round [foundations]: empty_plan {'answers': 0, 'tasks_done': 0, 'quizzes': 0, 'injected_wrong': 0, 'mismatches': 0}
round [foundations]: empty_plan {'answers': 0, 'tasks_done': 0, 'quizzes': 0, 'injected_wrong': 0, 'mismatches': 0}
[20:27:09] AUTHORING for ['subtracting-integers']
AUTHORING for ['subtracting-integers']
[20:29:19]   authored subtracting-integers/kp1 docs: 0
  authored subtracting-integers/kp1 docs: 0
[20:30:03]   authored subtracting-integers/kp2 docs: 0
  authored subtracting-integers/kp2 docs: 0
[20:30:04] approved 2 docs, contexts re-stamped
approved 2 docs, contexts re-stamped
[20:30:08] round [foundations]: ok {'answers': 4, 'tasks_done': 1, 'quizzes': 0, 'injected_wrong': 0, 'mismatches': 0}
round [foundations]: ok {'answers': 4, 'tasks_done': 1, 'quizzes': 0, 'injected_wrong': 0, 'mismatches': 0}
[20:30:12] round [foundations]: ok {'answers': 4, 'tasks_done': 1, 'quizzes': 0, 'injected_wrong': 0, 'mismatches': 0}
round [foundations]: ok {'answers': 4, 'tasks_done': 1, 'quizzes': 0, 'injected_wrong': 0, 'mismatches': 0}
[20:30:12] round [foundations]: empty_plan {'answers': 0, 'tasks_done': 0, 'quizzes': 0, 'injected_wrong': 0, 'mismatches': 0}
round [foundations]: empty_plan {'answers': 0, 'tasks_done': 0, 'quizzes': 0, 'injected_wrong': 0, 'mismatches': 0}
[20:30:12] AUTHORING for ['integer-addition-subtraction']
AUTHORING for ['integer-addition-subtraction']
[20:32:47]   authored integer-addition-subtraction/kp1 docs: 0
  authored integer-addition-subtraction/kp1 docs: 0
[20:37:27]   authored integer-addition-subtraction/kp2 docs: 0
  authored integer-addition-subtraction/kp2 docs: 0
[20:39:17]   authored integer-addition-subtraction/kp3 docs: 0
  authored integer-addition-subtraction/kp3 docs: 0
[20:39:18] approved 9 docs, contexts re-stamped
approved 9 docs, contexts re-stamped
[20:39:24] round [foundations]: ok {'answers': 6, 'tasks_done': 1, 'quizzes': 0, 'injected_wrong': 0, 'mismatches': 0}
round [foundations]: ok {'answers': 6, 'tasks_done': 1, 'quizzes': 0, 'injected_wrong': 0, 'mismatches': 0}
[20:39:39] round [foundations]: ok {'answers': 15, 'tasks_done': 3, 'quizzes': 0, 'injected_wrong': 1, 'mismatches': 0}
round [foundations]: ok {'answers': 15, 'tasks_done': 3, 'quizzes': 0, 'injected_wrong': 1, 'mismatches': 0}
[20:39:55] round [foundations]: ok {'answers': 16, 'tasks_done': 3, 'quizzes': 0, 'injected_wrong': 0, 'mismatches': 0}
round [foundations]: ok {'answers': 16, 'tasks_done': 3, 'quizzes': 0, 'injected_wrong': 0, 'mismatches': 0}
[20:40:28] round [foundations]: ok {'answers': 33, 'tasks_done': 5, 'quizzes': 1, 'injected_wrong': 0, 'mismatches': 0}
round [foundations]: ok {'answers': 33, 'tasks_done': 5, 'quizzes': 1, 'injected_wrong': 0, 'mismatches': 0}
[20:40:52] round [foundations]: ok {'answers': 24, 'tasks_done': 4, 'quizzes': 0, 'injected_wrong': 0, 'mismatches': 0}
round [foundations]: ok {'answers': 24, 'tasks_done': 4, 'quizzes': 0, 'injected_wrong': 0, 'mismatches': 0}
[20:40:52] round [foundations]: empty_plan {'answers': 0, 'tasks_done': 0, 'quizzes': 0, 'injected_wrong': 0, 'mismatches': 0}
round [foundations]: empty_plan {'answers': 0, 'tasks_done': 0, 'quizzes': 0, 'injected_wrong': 0, 'mismatches': 0}
[20:40:52] AUTHORING for ['integer-multiplication-division', 'adding-subtracting-negative-fractions']
AUTHORING for ['integer-multiplication-division', 'adding-subtracting-negative-fractions']
[20:42:25]   authored integer-multiplication-division/kp1 docs: 0
  authored integer-multiplication-division/kp1 docs: 0
[20:44:24]   authored integer-multiplication-division/kp2 docs: 0
  authored integer-multiplication-division/kp2 docs: 0
[20:51:25] round [foundations]: empty_plan {'answers': 0, 'tasks_done': 0, 'quizzes': 0, 'injected_wrong': 0, 'mismatches': 0}
[20:51:25] AUTHORING for ['integer-multiplication-division', 'adding-subtracting-negative-fractions']
[20:52:33]   authored integer-multiplication-division/kp1 docs: 0
[20:53:03] round [foundations]: empty_plan {'answers': 0, 'tasks_done': 0, 'quizzes': 0, 'injected_wrong': 0, 'mismatches': 0}
[20:53:03] AUTHORING for ['integer-multiplication-division', 'adding-subtracting-negative-fractions']
[20:54:24]   authored integer-multiplication-division/kp1 docs: 0
[20:55:22]   authored integer-multiplication-division/kp2 docs: 0
[20:57:29]   authored integer-multiplication-division/kp3 docs: 0
[20:59:27]   authored adding-subtracting-negative-fractions/kp1 docs: 0
[21:17:58] round [foundations]: empty_plan {'answers': 0, 'tasks_done': 0, 'quizzes': 0, 'injected_wrong': 0, 'mismatches': 0}
[21:17:58] AUTHORING for ['integer-multiplication-division', 'adding-subtracting-negative-fractions']
[21:18:30]   authored integer-multiplication-division/kp1 docs: 0
[21:18:37]   authored integer-multiplication-division/kp2 docs: 0
[21:23:03]   authored integer-multiplication-division/kp3 docs: 0
[21:25:23]   authored adding-subtracting-negative-fractions/kp1 docs: 0
[21:27:29]   authored adding-subtracting-negative-fractions/kp2 docs: 0
[21:27:31] approved 15 docs, contexts re-stamped
[21:27:41] round [foundations]: ok {'answers': 10, 'tasks_done': 2, 'quizzes': 0, 'injected_wrong': 0, 'mismatches': 0}
[21:27:49] round [foundations]: ok {'answers': 8, 'tasks_done': 2, 'quizzes': 0, 'injected_wrong': 0, 'mismatches': 0}
[21:27:49] round [foundations]: empty_plan {'answers': 0, 'tasks_done': 0, 'quizzes': 0, 'injected_wrong': 0, 'mismatches': 0}
[21:27:49] AUTHORING for ['integer-exponents-intro', 'negative-fractions-decimals', 'integer-order-of-operations']
[21:29:50]   authored integer-exponents-intro/kp1 docs: 0
[21:35:31]   authored integer-exponents-intro/kp2 docs: 0
[21:36:27]   authored integer-exponents-intro/kp3 docs: 0
[21:40:40]   authored negative-fractions-decimals/kp1 docs: 0
[21:44:47]   authored negative-fractions-decimals/kp2 docs: 0
[21:45:07]   authored negative-fractions-decimals/kp3 docs: 0
[21:49:53]   authored integer-order-of-operations/kp1 docs: 0
[21:51:41]   authored integer-order-of-operations/kp2 docs: 0
[21:52:08]   authored integer-order-of-operations/kp3 docs: 0
[21:52:10] approved 16 docs, contexts re-stamped
[21:52:28] round [foundations]: ok {'answers': 18, 'tasks_done': 3, 'quizzes': 0, 'injected_wrong': 0, 'mismatches': 0}
[21:52:40] round [foundations]: ok {'answers': 12, 'tasks_done': 2, 'quizzes': 0, 'injected_wrong': 0, 'mismatches': 0}
[21:53:22] round [foundations]: ok {'answers': 42, 'tasks_done': 8, 'quizzes': 0, 'injected_wrong': 0, 'mismatches': 0}
[21:54:08] round [foundations]: ok {'answers': 46, 'tasks_done': 7, 'quizzes': 1, 'injected_wrong': 0, 'mismatches': 0}
[21:55:16] round [foundations]: ok {'answers': 68, 'tasks_done': 13, 'quizzes': 0, 'injected_wrong': 1, 'mismatches': 0}
[21:56:19] round [foundations]: ok {'answers': 62, 'tasks_done': 11, 'quizzes': 0, 'injected_wrong': 1, 'mismatches': 0}
[21:57:52] round [foundations]: ok {'answers': 92, 'tasks_done': 15, 'quizzes': 1, 'injected_wrong': 0, 'mismatches': 0}
[21:58:47] round [foundations]: ok {'answers': 55, 'tasks_done': 10, 'quizzes': 0, 'injected_wrong': 0, 'mismatches': 0}
[21:59:54] round [foundations]: ok {'answers': 67, 'tasks_done': 11, 'quizzes': 0, 'injected_wrong': 1, 'mismatches': 0}
[22:01:07] round [foundations]: ok {'answers': 73, 'tasks_done': 12, 'quizzes': 1, 'injected_wrong': 0, 'mismatches': 0}
[22:01:19] round [foundations]: ok {'answers': 12, 'tasks_done': 2, 'quizzes': 0, 'injected_wrong': 0, 'mismatches': 0}
[22:01:19] round [foundations]: empty_plan {'answers': 0, 'tasks_done': 0, 'quizzes': 0, 'injected_wrong': 0, 'mismatches': 0}
[22:01:19] AUTHORING for ['perfect-square-roots', 'zero-exponent-rule']
[22:02:32]   authored perfect-square-roots/kp1 docs: 0
[22:06:39]   authored perfect-square-roots/kp2 docs: 0
[22:06:59]   authored perfect-square-roots/kp3 docs: 0
[22:07:50]   authored zero-exponent-rule/kp1 docs: 0
[22:12:10]   authored zero-exponent-rule/kp2 docs: 0
[22:12:36]   authored zero-exponent-rule/kp3 docs: 0
[22:12:36] approved 8 docs, contexts re-stamped
[22:12:49] round [foundations]: ok {'answers': 12, 'tasks_done': 2, 'quizzes': 0, 'injected_wrong': 0, 'mismatches': 0}
[22:12:55] round [foundations]: ok {'answers': 6, 'tasks_done': 1, 'quizzes': 0, 'injected_wrong': 0, 'mismatches': 0}
[22:13:14] round [foundations]: ok {'answers': 19, 'tasks_done': 3, 'quizzes': 0, 'injected_wrong': 1, 'mismatches': 0}
[22:13:14] round [foundations]: empty_plan {'answers': 0, 'tasks_done': 0, 'quizzes': 0, 'injected_wrong': 0, 'mismatches': 0}
[22:13:14] AUTHORING for ['square-roots', 'scientific-notation']
[22:14:55]   authored square-roots/kp1 docs: 0
[22:17:03]   authored square-roots/kp2 docs: 0
[22:17:23]   authored square-roots/kp3 docs: 0
[22:21:11]   authored scientific-notation/kp1 docs: 0
[22:24:02]   authored scientific-notation/kp2 docs: 0
[22:24:22]   authored scientific-notation/kp3 docs: 0
[22:24:22] approved 11 docs, contexts re-stamped
[22:24:35] round [foundations]: ok {'answers': 12, 'tasks_done': 2, 'quizzes': 0, 'injected_wrong': 0, 'mismatches': 0}
[22:25:06] round [foundations]: ok {'answers': 31, 'tasks_done': 6, 'quizzes': 0, 'injected_wrong': 0, 'mismatches': 0}
[22:26:19] round [foundations]: ok {'answers': 72, 'tasks_done': 12, 'quizzes': 0, 'injected_wrong': 0, 'mismatches': 0}
[22:27:33] round [foundations]: ok {'answers': 74, 'tasks_done': 11, 'quizzes': 1, 'injected_wrong': 0, 'mismatches': 0}
[22:28:47] round [foundations]: ok {'answers': 73, 'tasks_done': 12, 'quizzes': 0, 'injected_wrong': 1, 'mismatches': 0}
[22:29:43] round [foundations]: ok {'answers': 55, 'tasks_done': 9, 'quizzes': 0, 'injected_wrong': 1, 'mismatches': 0}
[22:31:00] round [foundations]: ok {'answers': 76, 'tasks_done': 13, 'quizzes': 1, 'injected_wrong': 1, 'mismatches': 0}
[22:31:42] round [foundations]: ok {'answers': 42, 'tasks_done': 7, 'quizzes': 0, 'injected_wrong': 0, 'mismatches': 0}
[22:32:32] round [foundations]: ok {'answers': 49, 'tasks_done': 9, 'quizzes': 0, 'injected_wrong': 0, 'mismatches': 0}
[22:33:08] round [foundations]: ok {'answers': 36, 'tasks_done': 6, 'quizzes': 0, 'injected_wrong': 0, 'mismatches': 0}
[22:33:35] round [foundations]: ok {'answers': 26, 'tasks_done': 3, 'quizzes': 1, 'injected_wrong': 0, 'mismatches': 0}
[22:33:41] round [foundations]: ok {'answers': 6, 'tasks_done': 1, 'quizzes': 0, 'injected_wrong': 0, 'mismatches': 0}
[22:33:41] round [foundations]: empty_plan {'answers': 0, 'tasks_done': 0, 'quizzes': 0, 'injected_wrong': 0, 'mismatches': 0}
[22:33:41] AUTHORING for ['radical-operations', 'complex-fractions', 'scientific-notation-addition-subtraction']
[22:40:11]   authored radical-operations/kp1 docs: 0
[22:42:40]   authored radical-operations/kp2 docs: 0
[22:42:59]   authored radical-operations/kp3 docs: 0
[22:44:27]   authored complex-fractions/kp1 docs: 0
[22:46:19]   authored complex-fractions/kp2 docs: 0
[22:47:15]   authored complex-fractions/kp3 docs: 0
[22:48:36]   authored scientific-notation-addition-subtraction/kp1 docs: 0
[22:50:53]   authored scientific-notation-addition-subtraction/kp2 docs: 0
[22:52:05]   authored scientific-notation-addition-subtraction/kp3 docs: 0
[22:52:06] approved 13 docs, contexts re-stamped
[22:52:19] round [foundations]: ok {'answers': 12, 'tasks_done': 2, 'quizzes': 0, 'injected_wrong': 0, 'mismatches': 0}
[22:52:19] round [foundations]: empty_plan {'answers': 0, 'tasks_done': 0, 'quizzes': 0, 'injected_wrong': 0, 'mismatches': 0}
[07:50:56] round [foundations]: ok {'answers': 8, 'tasks_done': 2, 'quizzes': 0, 'injected_wrong': 0, 'mismatches': 0}
[07:50:56] round [foundations]: empty_plan {'answers': 0, 'tasks_done': 0, 'quizzes': 0, 'injected_wrong': 0, 'mismatches': 0}
[07:50:56] AUTHORING for ['radical-operations']
[07:55:15]   authored radical-operations/kp1 docs: 0
[07:57:31]   authored radical-operations/kp2 docs: 0
[07:59:50]   authored radical-operations/kp3 docs: 0
[07:59:51] approved 3 docs, contexts re-stamped
[07:59:51] round [foundations]: empty_plan {'answers': 0, 'tasks_done': 0, 'quizzes': 0, 'injected_wrong': 0, 'mismatches': 0}
[07:59:51] make_due: 283 topics
[08:00:33] SERVE_ERR s_2026-09-15a-review-basic-absolute-value-inequalities {"code": "unknown_task", "message": "No task \"s_2026-09-15a-review-basic-absolute-value-inequalities\" is in this session."}
[08:00:42] SERVE_ERR s_2026-09-15a-review-checking-a-solution {"code": "unknown_task", "message": "No task \"s_2026-09-15a-review-checking-a-solution\" is in this session."}
[08:01:02] SERVE_ERR s_2026-09-15a-review-compound-inequalities {"code": "unknown_task", "message": "No task \"s_2026-09-15a-review-compound-inequalities\" is in this session."}
[08:01:10] SERVE_ERR s_2026-09-15a-review-coterminal-angles {"code": "unknown_task", "message": "No task \"s_2026-09-15a-review-coterminal-angles\" is in this session."}
[08:01:14] SERVE_ERR s_2026-09-15a-review-dividing-polynomials-by-monomials {"code": "unknown_task", "message": "No task \"s_2026-09-15a-review-dividing-polynomials-by-monomials\" is in this session."}
[08:01:19] SERVE_ERR s_2026-09-15a-review-dividing-rational-expressions {"code": "unknown_task", "message": "No task \"s_2026-09-15a-review-dividing-rational-expressions\" is in this session."}
[08:01:43] SERVE_ERR s_2026-09-15a-review-evaluating-polynomials {"code": "unknown_task", "message": "No task \"s_2026-09-15a-review-evaluating-polynomials\" is in this session."}
[08:01:43] SERVE_ERR s_2026-09-15a-review-exponential-equations {"code": "unknown_task", "message": "No task \"s_2026-09-15a-review-exponential-equations\" is in this session."}
[08:01:47] SERVE_ERR s_2026-09-15a-review-exponential-growth-decay {"code": "unknown_task", "message": "No task \"s_2026-09-15a-review-exponential-growth-decay\" is in this session."}
[08:01:51] SERVE_ERR s_2026-09-15a-review-function-operations {"code": "unknown_task", "message": "No task \"s_2026-09-15a-review-function-operations\" is in this session."}
[08:01:51] SERVE_ERR s_2026-09-15a-review-graphing-from-a-table {"code": "unknown_task", "message": "No task \"s_2026-09-15a-review-graphing-from-a-table\" is in this session."}
[08:01:51] SERVE_ERR s_2026-09-15a-review-graphing-inequalities-number-line {"code": "unknown_task", "message": "No task \"s_2026-09-15a-review-graphing-inequalities-number-line\" is in this session."}
[08:02:04] SERVE_ERR s_2026-09-15a-review-horizontal-vertical-slopes {"code": "unknown_task", "message": "No task \"s_2026-09-15a-review-horizontal-vertical-slopes\" is in this session."}
[08:02:49] SERVE_ERR s_2026-09-15a-review-literal-equations {"code": "unknown_task", "message": "No task \"s_2026-09-15a-review-literal-equations\" is in this session."}
[08:03:01] SERVE_ERR s_2026-09-15a-review-negative-fractions-decimals {"code": "unknown_task", "message": "No task \"s_2026-09-15a-review-negative-fractions-decimals\" is in this session."}
[08:03:01] SERVE_ERR s_2026-09-15a-review-one-to-one-functions {"code": "unknown_task", "message": "No task \"s_2026-09-15a-review-one-to-one-functions\" is in this session."}
[08:03:01] SERVE_ERR s_2026-09-15a-review-opposites-of-integers {"code": "unknown_task", "message": "No task \"s_2026-09-15a-review-opposites-of-integers\" is in this session."}
[08:03:10] SERVE_ERR s_2026-09-15a-review-perfect-squares {"code": "unknown_task", "message": "No task \"s_2026-09-15a-review-perfect-squares\" is in this session."}
[08:03:10] SERVE_ERR s_2026-09-15a-review-point-slope-form {"code": "unknown_task", "message": "No task \"s_2026-09-15a-review-point-slope-form\" is in this session."}
[08:03:10] SERVE_ERR s_2026-09-15a-review-point-slope-standard-form {"code": "unknown_task", "message": "No task \"s_2026-09-15a-review-point-slope-standard-form\" is in this session."}
[08:03:10] SERVE_ERR s_2026-09-15a-review-polynomial-basics {"code": "unknown_task", "message": "No task \"s_2026-09-15a-review-polynomial-basics\" is in this session."}
[08:03:10] SERVE_ERR s_2026-09-15a-review-power-of-a-power-rule {"code": "unknown_task", "message": "No task \"s_2026-09-15a-review-power-of-a-power-rule\" is in this session."}
[08:03:10] SERVE_ERR s_2026-09-15a-review-prime-composite-numbers {"code": "unknown_task", "message": "No task \"s_2026-09-15a-review-prime-composite-numbers\" is in this session."}
[08:03:10] SERVE_ERR s_2026-09-15a-review-proportional-relationships {"code": "unknown_task", "message": "No task \"s_2026-09-15a-review-proportional-relationships\" is in this session."}
[08:03:18] SERVE_ERR s_2026-09-15a-review-quadratic-graphs-vertex {"code": "unknown_task", "message": "No task \"s_2026-09-15a-review-quadratic-graphs-vertex\" is in this session."}
[08:03:31] SERVE_ERR s_2026-09-15a-review-rational-expression-restrictions {"code": "unknown_task", "message": "No task \"s_2026-09-15a-review-rational-expression-restrictions\" is in this session."}
[08:03:31] SERVE_ERR s_2026-09-15a-review-rational-expressions-common-denominators {"code": "unknown_task", "message": "No task \"s_2026-09-15a-review-rational-expressions-common-denominators\" is in this session."}
[08:03:31] SERVE_ERR s_2026-09-15a-review-reading-function-graphs {"code": "unknown_task", "message": "No task \"s_2026-09-15a-review-reading-function-graphs\" is in this session."}
[08:03:43] SERVE_ERR s_2026-09-15a-review-signed-decimal-operations {"code": "unknown_task", "message": "No task \"s_2026-09-15a-review-signed-decimal-operations\" is in this session."}
[08:03:51] SERVE_ERR s_2026-09-15a-review-slope-as-rate-of-change {"code": "unknown_task", "message": "No task \"s_2026-09-15a-review-slope-as-rate-of-change\" is in this session."}
[08:03:51] SERVE_ERR s_2026-09-15a-review-slopes-of-parallel-perpendicular-lines {"code": "unknown_task", "message": "No task \"s_2026-09-15a-review-slopes-of-parallel-perpendicular-lines\" is in this session."}
[08:03:51] SERVE_ERR s_2026-09-15a-review-special-right-triangles {"code": "unknown_task", "message": "No task \"s_2026-09-15a-review-special-right-triangles\" is in this session."}
[08:03:56] SERVE_ERR s_2026-09-15a-review-sum-difference-of-cubes {"code": "unknown_task", "message": "No task \"s_2026-09-15a-review-sum-difference-of-cubes\" is in this session."}
[08:04:00] SERVE_ERR s_2026-09-15a-review-systems-money-problems {"code": "unknown_task", "message": "No task \"s_2026-09-15a-review-systems-money-problems\" is in this session."}
[08:04:12] SERVE_ERR s_2026-09-15a-review-systems-substitution {"code": "unknown_task", "message": "No task \"s_2026-09-15a-review-systems-substitution\" is in this session."}
[08:04:16] SERVE_ERR s_2026-09-15a-review-temperature-elevation-problems {"code": "unknown_task", "message": "No task \"s_2026-09-15a-review-temperature-elevation-problems\" is in this session."}
[08:04:29] SERVE_ERR s_2026-09-15a-review-unit-rates {"code": "unknown_task", "message": "No task \"s_2026-09-15a-review-unit-rates\" is in this session."}
[08:04:41] SERVE_ERR s_2026-09-15a-review-x-y-intercepts {"code": "unknown_task", "message": "No task \"s_2026-09-15a-review-x-y-intercepts\" is in this session."}
[08:04:41] SERVE_ERR s_2026-09-15a-review-zero-exponent-rule {"code": "unknown_task", "message": "No task \"s_2026-09-15a-review-zero-exponent-rule\" is in this session."}
[08:04:41] SERVE_ERR s_2026-09-15a-multi-step {"code": "unknown_task", "message": "No task \"s_2026-09-15a-multi-step\" is in this session."}
[08:04:41] round [foundations]: ok {'answers': 280, 'tasks_done': 70, 'quizzes': 0, 'injected_wrong': 0, 'mismatches': 0, 'tasks_skipped': 40}
[08:04:54] round [foundations]: ok {'answers': 12, 'tasks_done': 1, 'quizzes': 1, 'injected_wrong': 0, 'mismatches': 0}
[08:04:54] round [foundations]: empty_plan {'answers': 0, 'tasks_done': 0, 'quizzes': 0, 'injected_wrong': 0, 'mismatches': 0}
[08:04:55] make_due: 283 topics
[08:05:00] SERVE_ERR s_2026-09-15c-review-exponential-functions {"code": "unknown_task", "message": "No task \"s_2026-09-15c-review-exponential-functions\" is in this session."}
[08:05:04] SERVE_ERR s_2026-09-15c-review-polynomial-addition-subtraction {"code": "unknown_task", "message": "No task \"s_2026-09-15c-review-polynomial-addition-subtraction\" is in this session."}
[08:05:04] SERVE_ERR s_2026-09-15c-review-prime-composite-numbers {"code": "unknown_task", "message": "No task \"s_2026-09-15c-review-prime-composite-numbers\" is in this session."}
[08:05:04] SERVE_ERR s_2026-09-15c-review-absolute-value {"code": "unknown_task", "message": "No task \"s_2026-09-15c-review-absolute-value\" is in this session."}
[08:05:09] SERVE_ERR s_2026-09-15c-review-addition-subtraction-equations {"code": "unknown_task", "message": "No task \"s_2026-09-15c-review-addition-subtraction-equations\" is in this session."}
[08:05:13] SERVE_ERR s_2026-09-15c-review-basic-absolute-value-equations {"code": "unknown_task", "message": "No task \"s_2026-09-15c-review-basic-absolute-value-equations\" is in this session."}
[08:05:13] SERVE_ERR s_2026-09-15c-review-checking-a-solution {"code": "unknown_task", "message": "No task \"s_2026-09-15c-review-checking-a-solution\" is in this session."}
[08:05:37] SERVE_ERR s_2026-09-15c-review-decimal-multiplication-powers-of-ten {"code": "unknown_task", "message": "No task \"s_2026-09-15c-review-decimal-multiplication-powers-of-ten\" is in this session."}
[08:05:46] SERVE_ERR s_2026-09-15c-review-divisibility-rules {"code": "unknown_task", "message": "No task \"s_2026-09-15c-review-divisibility-rules\" is in this session."}
[08:05:54] SERVE_ERR s_2026-09-15c-review-exponent-notation {"code": "unknown_task", "message": "No task \"s_2026-09-15c-review-exponent-notation\" is in this session."}
[08:05:54] SERVE_ERR s_2026-09-15c-review-exponential-growth-decay {"code": "unknown_task", "message": "No task \"s_2026-09-15c-review-exponential-growth-decay\" is in this session."}
[08:05:54] SERVE_ERR s_2026-09-15c-review-expressions-with-parentheses {"code": "unknown_task", "message": "No task \"s_2026-09-15c-review-expressions-with-parentheses\" is in this session."}
[08:05:54] SERVE_ERR s_2026-09-15c-review-fraction-of-a-number {"code": "unknown_task", "message": "No task \"s_2026-09-15c-review-fraction-of-a-number\" is in this session."}
[08:05:58] SERVE_ERR s_2026-09-15c-review-gcf-of-monomials {"code": "unknown_task", "message": "No task \"s_2026-09-15c-review-gcf-of-monomials\" is in this session."}
[08:06:02] SERVE_ERR s_2026-09-15c-review-graphing-inequalities-number-line {"code": "unknown_task", "message": "No task \"s_2026-09-15c-review-graphing-inequalities-number-line\" is in this session."}
[08:06:07] SERVE_ERR s_2026-09-15c-review-identifying-functions-vertical-line-test {"code": "unknown_task", "message": "No task \"s_2026-09-15c-review-identifying-functions-vertical-line-test\" is in this session."}
[08:06:07] SERVE_ERR s_2026-09-15c-review-integer-exponents-intro {"code": "unknown_task", "message": "No task \"s_2026-09-15c-review-integer-exponents-intro\" is in this session."}
[08:06:07] SERVE_ERR s_2026-09-15c-review-linear-inequalities {"code": "unknown_task", "message": "No task \"s_2026-09-15c-review-linear-inequalities\" is in this session."}
[08:06:15] SERVE_ERR s_2026-09-15c-review-long-division {"code": "unknown_task", "message": "No task \"s_2026-09-15c-review-long-division\" is in this session."}
[08:06:15] SERVE_ERR s_2026-09-15c-review-multi-digit-multiplication {"code": "unknown_task", "message": "No task \"s_2026-09-15c-review-multi-digit-multiplication\" is in this session."}
[08:06:15] SERVE_ERR s_2026-09-15c-review-multiplying-by-powers-of-ten {"code": "unknown_task", "message": "No task \"s_2026-09-15c-review-multiplying-by-powers-of-ten\" is in this session."}
[08:06:15] SERVE_ERR s_2026-09-15c-review-multiplying-rational-expressions {"code": "unknown_task", "message": "No task \"s_2026-09-15c-review-multiplying-rational-expressions\" is in this session."}
[08:06:19] SERVE_ERR s_2026-09-15c-review-number-line-integers {"code": "unknown_task", "message": "No task \"s_2026-09-15c-review-number-line-integers\" is in this session."}
[08:06:19] SERVE_ERR s_2026-09-15c-review-one-step-inequalities {"code": "unknown_task", "message": "No task \"s_2026-09-15c-review-one-step-inequalities\" is in this session."}
[08:06:23] SERVE_ERR s_2026-09-15c-review-opposites-of-integers {"code": "unknown_task", "message": "No task \"s_2026-09-15c-review-opposites-of-integers\" is in this session."}
[08:06:28] SERVE_ERR s_2026-09-15c-review-parts-of-an-expression {"code": "unknown_task", "message": "No task \"s_2026-09-15c-review-parts-of-an-expression\" is in this session."}
[08:06:28] SERVE_ERR s_2026-09-15c-review-percent-growth-decay-factors {"code": "unknown_task", "message": "No task \"s_2026-09-15c-review-percent-growth-decay-factors\" is in this session."}
[08:06:32] SERVE_ERR s_2026-09-15c-review-perfect-squares {"code": "unknown_task", "message": "No task \"s_2026-09-15c-review-perfect-squares\" is in this session."}
[08:06:32] SERVE_ERR s_2026-09-15c-review-plotting-integers {"code": "unknown_task", "message": "No task \"s_2026-09-15c-review-plotting-integers\" is in this session."}
[08:06:32] SERVE_ERR s_2026-09-15c-review-plotting-points {"code": "unknown_task", "message": "No task \"s_2026-09-15c-review-plotting-points\" is in this session."}
[08:06:40] SERVE_ERR s_2026-09-15c-review-polynomial-basics {"code": "unknown_task", "message": "No task \"s_2026-09-15c-review-polynomial-basics\" is in this session."}
[08:06:40] SERVE_ERR s_2026-09-15c-review-power-of-a-power-rule {"code": "unknown_task", "message": "No task \"s_2026-09-15c-review-power-of-a-power-rule\" is in this session."}
[08:06:40] SERVE_ERR s_2026-09-15c-review-power-rule-exponents {"code": "unknown_task", "message": "No task \"s_2026-09-15c-review-power-rule-exponents\" is in this session."}
[08:06:44] SERVE_ERR s_2026-09-15c-review-radians-degrees {"code": "unknown_task", "message": "No task \"s_2026-09-15c-review-radians-degrees\" is in this session."}
[08:06:45] SERVE_ERR s_2026-09-15c-review-rational-expression-restrictions {"code": "unknown_task", "message": "No task \"s_2026-09-15c-review-rational-expression-restrictions\" is in this session."}
[08:06:45] SERVE_ERR s_2026-09-15c-review-rational-expressions {"code": "unknown_task", "message": "No task \"s_2026-09-15c-review-rational-expressions\" is in this session."}
[08:06:45] SERVE_ERR s_2026-09-15c-review-reading-function-graphs {"code": "unknown_task", "message": "No task \"s_2026-09-15c-review-reading-function-graphs\" is in this session."}
[08:06:45] SERVE_ERR s_2026-09-15c-review-reading-slope-intercept-equations {"code": "unknown_task", "message": "No task \"s_2026-09-15c-review-reading-slope-intercept-equations\" is in this session."}
[08:06:57] SERVE_ERR s_2026-09-15c-review-signed-decimal-operations {"code": "unknown_task", "message": "No task \"s_2026-09-15c-review-signed-decimal-operations\" is in this session."}
[08:06:57] SERVE_ERR s_2026-09-15c-review-simplifying-rational-monomials {"code": "unknown_task", "message": "No task \"s_2026-09-15c-review-simplifying-rational-monomials\" is in this session."}
[08:06:57] SERVE_ERR s_2026-09-15c-review-slope {"code": "unknown_task", "message": "No task \"s_2026-09-15c-review-slope\" is in this session."}
[08:07:01] SERVE_ERR s_2026-09-15c-review-slope-from-a-graph {"code": "unknown_task", "message": "No task \"s_2026-09-15c-review-slope-from-a-graph\" is in this session."}
[08:07:01] SERVE_ERR s_2026-09-15c-review-slope-from-two-points {"code": "unknown_task", "message": "No task \"s_2026-09-15c-review-slope-from-two-points\" is in this session."}
[08:07:01] SERVE_ERR s_2026-09-15c-review-solutions-of-inequalities {"code": "unknown_task", "message": "No task \"s_2026-09-15c-review-solutions-of-inequalities\" is in this session."}
[08:07:18] SERVE_ERR s_2026-09-15c-review-two-step-inequalities {"code": "unknown_task", "message": "No task \"s_2026-09-15c-review-two-step-inequalities\" is in this session."}
[08:07:18] SERVE_ERR s_2026-09-15c-review-unit-rates {"code": "unknown_task", "message": "No task \"s_2026-09-15c-review-unit-rates\" is in this session."}
[08:07:18] SERVE_ERR s_2026-09-15c-review-whole-number-exponents {"code": "unknown_task", "message": "No task \"s_2026-09-15c-review-whole-number-exponents\" is in this session."}
[08:07:22] SERVE_ERR s_2026-09-15c-review-x-y-intercepts {"code": "unknown_task", "message": "No task \"s_2026-09-15c-review-x-y-intercepts\" is in this session."}
[08:07:22] SERVE_ERR s_2026-09-15c-review-zero-exponent-rule {"code": "unknown_task", "message": "No task \"s_2026-09-15c-review-zero-exponent-rule\" is in this session."}
[08:07:22] SERVE_ERR s_2026-09-15c-review-exponent-product-quotient-rules {"code": "unknown_task", "message": "No task \"s_2026-09-15c-review-exponent-product-quotient-rules\" is in this session."}
[08:07:22] SERVE_ERR s_2026-09-15c-review-gcf-lcm {"code": "unknown_task", "message": "No task \"s_2026-09-15c-review-gcf-lcm\" is in this session."}
[08:07:23] SERVE_ERR s_2026-09-15c-review-percent-conversions {"code": "unknown_task", "message": "No task \"s_2026-09-15c-review-percent-conversions\" is in this session."}
[08:07:23] SERVE_ERR s_2026-09-15c-review-pythagorean-converse {"code": "unknown_task", "message": "No task \"s_2026-09-15c-review-pythagorean-converse\" is in this session."}
[08:07:27] SERVE_ERR s_2026-09-15c-review-ratios-proportions {"code": "unknown_task", "message": "No task \"s_2026-09-15c-review-ratios-proportions\" is in this session."}
[08:07:27] SERVE_ERR s_2026-09-15c-review-rounding-decimals {"code": "unknown_task", "message": "No task \"s_2026-09-15c-review-rounding-decimals\" is in this session."}
[08:07:31] round [foundations]: ok {'answers': 148, 'tasks_done': 37, 'quizzes': 0, 'injected_wrong': 0, 'mismatches': 0, 'tasks_skipped': 55}
[08:07:31] round [foundations]: empty_plan {'answers': 0, 'tasks_done': 0, 'quizzes': 0, 'injected_wrong': 0, 'mismatches': 0}
[08:07:32] make_due: 283 topics
[08:07:53] SERVE_ERR s_2026-09-15d-review-adding-polynomials {"code": "unknown_task", "message": "No task \"s_2026-09-15d-review-adding-polynomials\" is in this session."}
[08:07:53] SERVE_ERR s_2026-09-15d-review-decimal-operations {"code": "unknown_task", "message": "No task \"s_2026-09-15d-review-decimal-operations\" is in this session."}
[08:07:58] SERVE_ERR s_2026-09-15d-review-prime-composite-numbers {"code": "unknown_task", "message": "No task \"s_2026-09-15d-review-prime-composite-numbers\" is in this session."}
[08:08:06] SERVE_ERR s_2026-09-15d-review-absolute-value {"code": "unknown_task", "message": "No task \"s_2026-09-15d-review-absolute-value\" is in this session."}
[08:08:10] SERVE_ERR s_2026-09-15d-review-addition-subtraction-equations {"code": "unknown_task", "message": "No task \"s_2026-09-15d-review-addition-subtraction-equations\" is in this session."}
[08:08:14] SERVE_ERR s_2026-09-15d-review-checking-a-solution {"code": "unknown_task", "message": "No task \"s_2026-09-15d-review-checking-a-solution\" is in this session."}
[08:08:18] SERVE_ERR s_2026-09-15d-review-decimal-multiplication-powers-of-ten {"code": "unknown_task", "message": "No task \"s_2026-09-15d-review-decimal-multiplication-powers-of-ten\" is in this session."}
[08:08:18] SERVE_ERR s_2026-09-15d-review-difference-of-squares {"code": "unknown_task", "message": "No task \"s_2026-09-15d-review-difference-of-squares\" is in this session."}
[08:08:22] SERVE_ERR s_2026-09-15d-review-dividing-integers {"code": "unknown_task", "message": "No task \"s_2026-09-15d-review-dividing-integers\" is in this session."}
[08:08:23] SERVE_ERR s_2026-09-15d-review-divisibility-rules {"code": "unknown_task", "message": "No task \"s_2026-09-15d-review-divisibility-rules\" is in this session."}
[08:08:31] SERVE_ERR s_2026-09-15d-review-exponent-notation {"code": "unknown_task", "message": "No task \"s_2026-09-15d-review-exponent-notation\" is in this session."}
[08:08:35] SERVE_ERR s_2026-09-15d-review-factoring-monic-trinomials {"code": "unknown_task", "message": "No task \"s_2026-09-15d-review-factoring-monic-trinomials\" is in this session."}
[08:08:35] SERVE_ERR s_2026-09-15d-review-fraction-decimal-conversion {"code": "unknown_task", "message": "No task \"s_2026-09-15d-review-fraction-decimal-conversion\" is in this session."}
[08:08:35] SERVE_ERR s_2026-09-15d-review-fraction-of-a-number {"code": "unknown_task", "message": "No task \"s_2026-09-15d-review-fraction-of-a-number\" is in this session."}
[08:08:43] SERVE_ERR s_2026-09-15d-review-identifying-functions-vertical-line-test {"code": "unknown_task", "message": "No task \"s_2026-09-15d-review-identifying-functions-vertical-line-test\" is in this session."}
[08:08:48] SERVE_ERR s_2026-09-15d-review-integer-exponents-intro {"code": "unknown_task", "message": "No task \"s_2026-09-15d-review-integer-exponents-intro\" is in this session."}
[08:08:48] SERVE_ERR s_2026-09-15d-review-multi-digit-multiplication {"code": "unknown_task", "message": "No task \"s_2026-09-15d-review-multi-digit-multiplication\" is in this session."}
[08:08:48] SERVE_ERR s_2026-09-15d-review-multiplying-by-powers-of-ten {"code": "unknown_task", "message": "No task \"s_2026-09-15d-review-multiplying-by-powers-of-ten\" is in this session."}
[08:08:48] SERVE_ERR s_2026-09-15d-review-multiplying-integers {"code": "unknown_task", "message": "No task \"s_2026-09-15d-review-multiplying-integers\" is in this session."}
[08:08:48] SERVE_ERR s_2026-09-15d-review-number-line-integers {"code": "unknown_task", "message": "No task \"s_2026-09-15d-review-number-line-integers\" is in this session."}
[08:08:52] SERVE_ERR s_2026-09-15d-review-opposites-of-integers {"code": "unknown_task", "message": "No task \"s_2026-09-15d-review-opposites-of-integers\" is in this session."}
[08:08:52] SERVE_ERR s_2026-09-15d-review-parts-of-an-expression {"code": "unknown_task", "message": "No task \"s_2026-09-15d-review-parts-of-an-expression\" is in this session."}
[08:08:52] SERVE_ERR s_2026-09-15d-review-percent-growth-decay-factors {"code": "unknown_task", "message": "No task \"s_2026-09-15d-review-percent-growth-decay-factors\" is in this session."}
[08:08:52] SERVE_ERR s_2026-09-15d-review-perfect-squares {"code": "unknown_task", "message": "No task \"s_2026-09-15d-review-perfect-squares\" is in this session."}
[08:08:52] SERVE_ERR s_2026-09-15d-review-plotting-integers {"code": "unknown_task", "message": "No task \"s_2026-09-15d-review-plotting-integers\" is in this session."}
[08:08:52] SERVE_ERR s_2026-09-15d-review-plotting-points {"code": "unknown_task", "message": "No task \"s_2026-09-15d-review-plotting-points\" is in this session."}
[08:08:52] SERVE_ERR s_2026-09-15d-review-polynomial-addition-subtraction {"code": "unknown_task", "message": "No task \"s_2026-09-15d-review-polynomial-addition-subtraction\" is in this session."}
[08:08:56] SERVE_ERR s_2026-09-15d-review-power-of-a-power-rule {"code": "unknown_task", "message": "No task \"s_2026-09-15d-review-power-of-a-power-rule\" is in this session."}
[08:08:56] SERVE_ERR s_2026-09-15d-review-power-rule-exponents {"code": "unknown_task", "message": "No task \"s_2026-09-15d-review-power-rule-exponents\" is in this session."}
[08:08:57] SERVE_ERR s_2026-09-15d-review-prime-factorization {"code": "unknown_task", "message": "No task \"s_2026-09-15d-review-prime-factorization\" is in this session."}
[08:09:13] SERVE_ERR s_2026-09-15d-review-reading-slope-intercept-equations {"code": "unknown_task", "message": "No task \"s_2026-09-15d-review-reading-slope-intercept-equations\" is in this session."}
[08:09:17] SERVE_ERR s_2026-09-15d-review-simplifying-rational-monomials {"code": "unknown_task", "message": "No task \"s_2026-09-15d-review-simplifying-rational-monomials\" is in this session."}
[08:09:17] SERVE_ERR s_2026-09-15d-review-slope-from-a-graph {"code": "unknown_task", "message": "No task \"s_2026-09-15d-review-slope-from-a-graph\" is in this session."}
[08:09:17] SERVE_ERR s_2026-09-15d-review-slope-from-two-points {"code": "unknown_task", "message": "No task \"s_2026-09-15d-review-slope-from-two-points\" is in this session."}
[08:09:17] SERVE_ERR s_2026-09-15d-review-slope-intercept-form {"code": "unknown_task", "message": "No task \"s_2026-09-15d-review-slope-intercept-form\" is in this session."}
[08:09:17] SERVE_ERR s_2026-09-15d-review-solutions-of-inequalities {"code": "unknown_task", "message": "No task \"s_2026-09-15d-review-solutions-of-inequalities\" is in this session."}
[08:09:26] SERVE_ERR s_2026-09-15d-review-unit-rates {"code": "unknown_task", "message": "No task \"s_2026-09-15d-review-unit-rates\" is in this session."}
[08:09:26] SERVE_ERR s_2026-09-15d-review-variables-both-sides {"code": "unknown_task", "message": "No task \"s_2026-09-15d-review-variables-both-sides\" is in this session."}
[08:09:26] SERVE_ERR s_2026-09-15d-review-whole-number-exponents {"code": "unknown_task", "message": "No task \"s_2026-09-15d-review-whole-number-exponents\" is in this session."}
[08:09:26] SERVE_ERR s_2026-09-15d-review-x-y-intercepts {"code": "unknown_task", "message": "No task \"s_2026-09-15d-review-x-y-intercepts\" is in this session."}
[08:09:26] SERVE_ERR s_2026-09-15d-review-zero-exponent-rule {"code": "unknown_task", "message": "No task \"s_2026-09-15d-review-zero-exponent-rule\" is in this session."}
[08:09:26] SERVE_ERR s_2026-09-15d-review-comparing-ordering-decimals {"code": "unknown_task", "message": "No task \"s_2026-09-15d-review-comparing-ordering-decimals\" is in this session."}
[08:09:26] SERVE_ERR s_2026-09-15d-review-comparing-ordering-fractions {"code": "unknown_task", "message": "No task \"s_2026-09-15d-review-comparing-ordering-fractions\" is in this session."}
[08:09:34] SERVE_ERR s_2026-09-15d-review-factoring-gcf {"code": "unknown_task", "message": "No task \"s_2026-09-15d-review-factoring-gcf\" is in this session."}
[08:09:34] SERVE_ERR s_2026-09-15d-review-fraction-word-problems {"code": "unknown_task", "message": "No task \"s_2026-09-15d-review-fraction-word-problems\" is in this session."}
[08:09:34] SERVE_ERR s_2026-09-15d-review-function-notation {"code": "unknown_task", "message": "No task \"s_2026-09-15d-review-function-notation\" is in this session."}
[08:09:35] SERVE_ERR s_2026-09-15d-review-multiplying-binomials {"code": "unknown_task", "message": "No task \"s_2026-09-15d-review-multiplying-binomials\" is in this session."}
[08:09:35] SERVE_ERR s_2026-09-15d-review-order-of-operations {"code": "unknown_task", "message": "No task \"s_2026-09-15d-review-order-of-operations\" is in this session."}
[08:09:35] SERVE_ERR s_2026-09-15d-review-pythagorean-converse {"code": "unknown_task", "message": "No task \"s_2026-09-15d-review-pythagorean-converse\" is in this session."}
[08:09:35] SERVE_ERR s_2026-09-15d-review-ratios-proportions {"code": "unknown_task", "message": "No task \"s_2026-09-15d-review-ratios-proportions\" is in this session."}
[08:09:35] SERVE_ERR s_2026-09-15d-review-simplifying-negative-exponent-expressions {"code": "unknown_task", "message": "No task \"s_2026-09-15d-review-simplifying-negative-exponent-expressions\" is in this session."}
[08:09:35] SERVE_ERR s_2026-09-15d-review-square-roots {"code": "unknown_task", "message": "No task \"s_2026-09-15d-review-square-roots\" is in this session."}
[08:09:35] round [foundations]: ok {'answers': 116, 'tasks_done': 29, 'quizzes': 0, 'injected_wrong': 0, 'mismatches': 0, 'tasks_skipped': 52}
[08:09:44] round [foundations]: ok {'answers': 8, 'tasks_done': 0, 'quizzes': 1, 'injected_wrong': 0, 'mismatches': 0}
[08:09:44] round [foundations]: empty_plan {'answers': 0, 'tasks_done': 0, 'quizzes': 0, 'injected_wrong': 0, 'mismatches': 0}
[08:09:44] make_due: 283 topics
[08:09:58] SERVE_ERR s_2026-09-15f-review-multiplying-binomials {"code": "unknown_task", "message": "No task \"s_2026-09-15f-review-multiplying-binomials\" is in this session."}
[08:09:58] SERVE_ERR s_2026-09-15f-review-order-of-operations {"code": "unknown_task", "message": "No task \"s_2026-09-15f-review-order-of-operations\" is in this session."}
[08:10:14] SERVE_ERR s_2026-09-15f-review-coordinate-plane {"code": "unknown_task", "message": "No task \"s_2026-09-15f-review-coordinate-plane\" is in this session."}
[08:10:27] SERVE_ERR s_2026-09-15f-review-divisibility-rules {"code": "unknown_task", "message": "No task \"s_2026-09-15f-review-divisibility-rules\" is in this session."}
[08:10:27] SERVE_ERR s_2026-09-15f-review-evaluating-functions {"code": "unknown_task", "message": "No task \"s_2026-09-15f-review-evaluating-functions\" is in this session."}
[08:10:27] SERVE_ERR s_2026-09-15f-review-exponent-notation {"code": "unknown_task", "message": "No task \"s_2026-09-15f-review-exponent-notation\" is in this session."}
[08:10:27] SERVE_ERR s_2026-09-15f-review-fraction-of-a-number {"code": "unknown_task", "message": "No task \"s_2026-09-15f-review-fraction-of-a-number\" is in this session."}
[08:10:27] SERVE_ERR s_2026-09-15f-review-gcf-of-monomials {"code": "unknown_task", "message": "No task \"s_2026-09-15f-review-gcf-of-monomials\" is in this session."}
[08:10:40] SERVE_ERR s_2026-09-15f-review-integer-exponents-intro {"code": "unknown_task", "message": "No task \"s_2026-09-15f-review-integer-exponents-intro\" is in this session."}
[08:10:48] SERVE_ERR s_2026-09-15f-review-number-line-integers {"code": "unknown_task", "message": "No task \"s_2026-09-15f-review-number-line-integers\" is in this session."}
[08:10:48] SERVE_ERR s_2026-09-15f-review-opposites-of-integers {"code": "unknown_task", "message": "No task \"s_2026-09-15f-review-opposites-of-integers\" is in this session."}
[08:10:48] SERVE_ERR s_2026-09-15f-review-parts-of-an-expression {"code": "unknown_task", "message": "No task \"s_2026-09-15f-review-parts-of-an-expression\" is in this session."}
[08:10:56] SERVE_ERR s_2026-09-15f-review-perfect-squares {"code": "unknown_task", "message": "No task \"s_2026-09-15f-review-perfect-squares\" is in this session."}
[08:10:56] SERVE_ERR s_2026-09-15f-review-plotting-integers {"code": "unknown_task", "message": "No task \"s_2026-09-15f-review-plotting-integers\" is in this session."}
[08:10:56] SERVE_ERR s_2026-09-15f-review-plotting-points {"code": "unknown_task", "message": "No task \"s_2026-09-15f-review-plotting-points\" is in this session."}
[08:10:56] SERVE_ERR s_2026-09-15f-review-polynomial-multiplication {"code": "unknown_task", "message": "No task \"s_2026-09-15f-review-polynomial-multiplication\" is in this session."}
[08:10:57] SERVE_ERR s_2026-09-15f-review-power-of-a-power-rule {"code": "unknown_task", "message": "No task \"s_2026-09-15f-review-power-of-a-power-rule\" is in this session."}
[08:10:57] SERVE_ERR s_2026-09-15f-review-power-rule-exponents {"code": "unknown_task", "message": "No task \"s_2026-09-15f-review-power-rule-exponents\" is in this session."}
[08:10:57] SERVE_ERR s_2026-09-15f-review-prime-composite-numbers {"code": "unknown_task", "message": "No task \"s_2026-09-15f-review-prime-composite-numbers\" is in this session."}
[08:10:57] SERVE_ERR s_2026-09-15f-review-radians-degrees {"code": "unknown_task", "message": "No task \"s_2026-09-15f-review-radians-degrees\" is in this session."}
[08:10:57] SERVE_ERR s_2026-09-15f-review-ratios-proportions {"code": "unknown_task", "message": "No task \"s_2026-09-15f-review-ratios-proportions\" is in this session."}
[08:11:09] SERVE_ERR s_2026-09-15f-review-slope {"code": "unknown_task", "message": "No task \"s_2026-09-15f-review-slope\" is in this session."}
[08:11:09] SERVE_ERR s_2026-09-15f-review-slope-from-a-graph {"code": "unknown_task", "message": "No task \"s_2026-09-15f-review-slope-from-a-graph\" is in this session."}
[08:11:09] SERVE_ERR s_2026-09-15f-review-slope-from-two-points {"code": "unknown_task", "message": "No task \"s_2026-09-15f-review-slope-from-two-points\" is in this session."}
[08:11:13] SERVE_ERR s_2026-09-15f-review-special-products {"code": "unknown_task", "message": "No task \"s_2026-09-15f-review-special-products\" is in this session."}
[08:11:18] SERVE_ERR s_2026-09-15f-review-unit-rates {"code": "unknown_task", "message": "No task \"s_2026-09-15f-review-unit-rates\" is in this session."}
[08:11:22] SERVE_ERR s_2026-09-15f-review-whole-number-exponents {"code": "unknown_task", "message": "No task \"s_2026-09-15f-review-whole-number-exponents\" is in this session."}
[08:11:26] SERVE_ERR s_2026-09-15f-review-zero-exponent-rule {"code": "unknown_task", "message": "No task \"s_2026-09-15f-review-zero-exponent-rule\" is in this session."}
[08:11:26] SERVE_ERR s_2026-09-15f-review-evaluating-composite-functions {"code": "unknown_task", "message": "No task \"s_2026-09-15f-review-evaluating-composite-functions\" is in this session."}
[08:11:26] SERVE_ERR s_2026-09-15f-review-evaluating-expressions {"code": "unknown_task", "message": "No task \"s_2026-09-15f-review-evaluating-expressions\" is in this session."}
[08:11:26] SERVE_ERR s_2026-09-15f-review-percent-conversions {"code": "unknown_task", "message": "No task \"s_2026-09-15f-review-percent-conversions\" is in this session."}
[08:11:26] SERVE_ERR s_2026-09-15f-review-pythagorean-converse {"code": "unknown_task", "message": "No task \"s_2026-09-15f-review-pythagorean-converse\" is in this session."}
[08:11:26] SERVE_ERR s_2026-09-15f-review-simplifying-negative-exponent-expressions {"code": "unknown_task", "message": "No task \"s_2026-09-15f-review-simplifying-negative-exponent-expressions\" is in this session."}
[08:11:26] round [foundations]: ok {'answers': 96, 'tasks_done': 24, 'quizzes': 0, 'injected_wrong': 0, 'mismatches': 0, 'tasks_skipped': 33}
[08:11:27] round [foundations]: empty_plan {'answers': 0, 'tasks_done': 0, 'quizzes': 0, 'injected_wrong': 0, 'mismatches': 0}
[08:11:27] make_due: 283 topics
[08:12:01] SERVE_ERR s_2026-09-15g-review-multi-digit-multiplication {"code": "unknown_task", "message": "No task \"s_2026-09-15g-review-multi-digit-multiplication\" is in this session."}
[08:12:05] SERVE_ERR s_2026-09-15g-review-order-of-operations {"code": "unknown_task", "message": "No task \"s_2026-09-15g-review-order-of-operations\" is in this session."}
[08:12:05] SERVE_ERR s_2026-09-15g-review-prime-composite-numbers {"code": "unknown_task", "message": "No task \"s_2026-09-15g-review-prime-composite-numbers\" is in this session."}
[08:12:10] SERVE_ERR s_2026-09-15g-review-absolute-value {"code": "unknown_task", "message": "No task \"s_2026-09-15g-review-absolute-value\" is in this session."}
[08:12:10] SERVE_ERR s_2026-09-15g-review-addition-subtraction-equations {"code": "unknown_task", "message": "No task \"s_2026-09-15g-review-addition-subtraction-equations\" is in this session."}
[08:12:10] SERVE_ERR s_2026-09-15g-review-divisibility-rules {"code": "unknown_task", "message": "No task \"s_2026-09-15g-review-divisibility-rules\" is in this session."}
[08:12:10] SERVE_ERR s_2026-09-15g-review-exponent-notation {"code": "unknown_task", "message": "No task \"s_2026-09-15g-review-exponent-notation\" is in this session."}
[08:12:18] SERVE_ERR s_2026-09-15g-review-fraction-of-a-number {"code": "unknown_task", "message": "No task \"s_2026-09-15g-review-fraction-of-a-number\" is in this session."}
[08:12:18] SERVE_ERR s_2026-09-15g-review-integer-exponents-intro {"code": "unknown_task", "message": "No task \"s_2026-09-15g-review-integer-exponents-intro\" is in this session."}
[08:12:18] SERVE_ERR s_2026-09-15g-review-number-line-integers {"code": "unknown_task", "message": "No task \"s_2026-09-15g-review-number-line-integers\" is in this session."}
[08:12:18] SERVE_ERR s_2026-09-15g-review-opposites-of-integers {"code": "unknown_task", "message": "No task \"s_2026-09-15g-review-opposites-of-integers\" is in this session."}
[08:12:18] SERVE_ERR s_2026-09-15g-review-parts-of-an-expression {"code": "unknown_task", "message": "No task \"s_2026-09-15g-review-parts-of-an-expression\" is in this session."}
[08:12:18] SERVE_ERR s_2026-09-15g-review-perfect-squares {"code": "unknown_task", "message": "No task \"s_2026-09-15g-review-perfect-squares\" is in this session."}
[08:12:19] SERVE_ERR s_2026-09-15g-review-plotting-integers {"code": "unknown_task", "message": "No task \"s_2026-09-15g-review-plotting-integers\" is in this session."}
[08:12:23] SERVE_ERR s_2026-09-15g-review-polynomial-multiplication {"code": "unknown_task", "message": "No task \"s_2026-09-15g-review-polynomial-multiplication\" is in this session."}
[08:12:27] SERVE_ERR s_2026-09-15g-review-power-rule-exponents {"code": "unknown_task", "message": "No task \"s_2026-09-15g-review-power-rule-exponents\" is in this session."}
[08:12:27] SERVE_ERR s_2026-09-15g-review-prime-factorization {"code": "unknown_task", "message": "No task \"s_2026-09-15g-review-prime-factorization\" is in this session."}
[08:12:31] SERVE_ERR s_2026-09-15g-review-slope-from-a-graph {"code": "unknown_task", "message": "No task \"s_2026-09-15g-review-slope-from-a-graph\" is in this session."}
[08:12:31] SERVE_ERR s_2026-09-15g-review-slope-from-two-points {"code": "unknown_task", "message": "No task \"s_2026-09-15g-review-slope-from-two-points\" is in this session."}
[08:12:35] SERVE_ERR s_2026-09-15g-review-unit-rates {"code": "unknown_task", "message": "No task \"s_2026-09-15g-review-unit-rates\" is in this session."}
[08:12:35] SERVE_ERR s_2026-09-15g-review-whole-number-exponents {"code": "unknown_task", "message": "No task \"s_2026-09-15g-review-whole-number-exponents\" is in this session."}
[08:12:36] SERVE_ERR s_2026-09-15g-review-zero-exponent-rule {"code": "unknown_task", "message": "No task \"s_2026-09-15g-review-zero-exponent-rule\" is in this session."}
[08:12:36] SERVE_ERR s_2026-09-15g-review-evaluating-composite-functions {"code": "unknown_task", "message": "No task \"s_2026-09-15g-review-evaluating-composite-functions\" is in this session."}
[08:12:36] SERVE_ERR s_2026-09-15g-review-factoring-gcf {"code": "unknown_task", "message": "No task \"s_2026-09-15g-review-factoring-gcf\" is in this session."}
[08:12:36] SERVE_ERR s_2026-09-15g-review-integer-multiplication-division {"code": "unknown_task", "message": "No task \"s_2026-09-15g-review-integer-multiplication-division\" is in this session."}
[08:12:44] SERVE_ERR s_2026-09-15g-review-simplifying-negative-exponent-expressions {"code": "unknown_task", "message": "No task \"s_2026-09-15g-review-simplifying-negative-exponent-expressions\" is in this session."}
[08:12:44] SERVE_ERR s_2026-09-15g-review-simplifying-radicals-variables {"code": "unknown_task", "message": "No task \"s_2026-09-15g-review-simplifying-radicals-variables\" is in this session."}
[08:12:44] round [foundations]: ok {'answers': 72, 'tasks_done': 18, 'quizzes': 0, 'injected_wrong': 0, 'mismatches': 0, 'tasks_skipped': 27}
[08:12:53] round [foundations]: ok {'answers': 8, 'tasks_done': 0, 'quizzes': 1, 'injected_wrong': 0, 'mismatches': 0}
[08:12:53] round [foundations]: empty_plan {'answers': 0, 'tasks_done': 0, 'quizzes': 0, 'injected_wrong': 0, 'mismatches': 0}
[08:12:54] make_due: 283 topics
[08:13:03] SERVE_ERR s_2026-09-15i-review-absolute-value {"code": "unknown_task", "message": "No task \"s_2026-09-15i-review-absolute-value\" is in this session."}
[08:13:24] SERVE_ERR s_2026-09-15i-review-exponent-notation {"code": "unknown_task", "message": "No task \"s_2026-09-15i-review-exponent-notation\" is in this session."}
[08:13:36] SERVE_ERR s_2026-09-15i-review-multiplying-by-powers-of-ten {"code": "unknown_task", "message": "No task \"s_2026-09-15i-review-multiplying-by-powers-of-ten\" is in this session."}
[08:13:41] SERVE_ERR s_2026-09-15i-review-number-line-integers {"code": "unknown_task", "message": "No task \"s_2026-09-15i-review-number-line-integers\" is in this session."}
[08:13:41] SERVE_ERR s_2026-09-15i-review-opposites-of-integers {"code": "unknown_task", "message": "No task \"s_2026-09-15i-review-opposites-of-integers\" is in this session."}
[08:13:41] SERVE_ERR s_2026-09-15i-review-parts-of-an-expression {"code": "unknown_task", "message": "No task \"s_2026-09-15i-review-parts-of-an-expression\" is in this session."}
[08:13:41] SERVE_ERR s_2026-09-15i-review-perfect-squares {"code": "unknown_task", "message": "No task \"s_2026-09-15i-review-perfect-squares\" is in this session."}
[08:13:41] SERVE_ERR s_2026-09-15i-review-plotting-integers {"code": "unknown_task", "message": "No task \"s_2026-09-15i-review-plotting-integers\" is in this session."}
[08:13:41] SERVE_ERR s_2026-09-15i-review-plotting-points {"code": "unknown_task", "message": "No task \"s_2026-09-15i-review-plotting-points\" is in this session."}
[08:13:53] SERVE_ERR s_2026-09-15i-review-signed-decimal-operations {"code": "unknown_task", "message": "No task \"s_2026-09-15i-review-signed-decimal-operations\" is in this session."}
[08:13:53] SERVE_ERR s_2026-09-15i-review-slope-from-a-graph {"code": "unknown_task", "message": "No task \"s_2026-09-15i-review-slope-from-a-graph\" is in this session."}
[08:13:58] SERVE_ERR s_2026-09-15i-review-whole-number-exponents {"code": "unknown_task", "message": "No task \"s_2026-09-15i-review-whole-number-exponents\" is in this session."}
[08:14:06] SERVE_ERR s_2026-09-15i-review-exponent-product-quotient-rules {"code": "unknown_task", "message": "No task \"s_2026-09-15i-review-exponent-product-quotient-rules\" is in this session."}
[08:14:15] SERVE_ERR s_2026-09-15i-review-square-roots {"code": "unknown_task", "message": "No task \"s_2026-09-15i-review-square-roots\" is in this session."}
[08:14:15] SERVE_ERR s_2026-09-15i-review-two-step-equations {"code": "unknown_task", "message": "No task \"s_2026-09-15i-review-two-step-equations\" is in this session."}
[08:14:15] round [foundations]: ok {'answers': 76, 'tasks_done': 19, 'quizzes': 0, 'injected_wrong': 0, 'mismatches': 0, 'tasks_skipped': 15}
[08:14:15] round [foundations]: empty_plan {'answers': 0, 'tasks_done': 0, 'quizzes': 0, 'injected_wrong': 0, 'mismatches': 0}
[08:14:15] make_due: 283 topics
[08:14:33] SERVE_ERR s_2026-09-15j-review-multi-digit-multiplication {"code": "unknown_task", "message": "No task \"s_2026-09-15j-review-multi-digit-multiplication\" is in this session."}
[08:14:50] SERVE_ERR s_2026-09-15j-review-exponent-notation {"code": "unknown_task", "message": "No task \"s_2026-09-15j-review-exponent-notation\" is in this session."}
[08:14:50] SERVE_ERR s_2026-09-15j-review-greatest-common-factor {"code": "unknown_task", "message": "No task \"s_2026-09-15j-review-greatest-common-factor\" is in this session."}
[08:14:50] SERVE_ERR s_2026-09-15j-review-integer-exponents-intro {"code": "unknown_task", "message": "No task \"s_2026-09-15j-review-integer-exponents-intro\" is in this session."}
[08:14:50] SERVE_ERR s_2026-09-15j-review-least-common-multiple {"code": "unknown_task", "message": "No task \"s_2026-09-15j-review-least-common-multiple\" is in this session."}
[08:14:50] SERVE_ERR s_2026-09-15j-review-multiplying-by-powers-of-ten {"code": "unknown_task", "message": "No task \"s_2026-09-15j-review-multiplying-by-powers-of-ten\" is in this session."}
[08:14:50] SERVE_ERR s_2026-09-15j-review-number-line-integers {"code": "unknown_task", "message": "No task \"s_2026-09-15j-review-number-line-integers\" is in this session."}
[08:14:50] SERVE_ERR s_2026-09-15j-review-opposites-of-integers {"code": "unknown_task", "message": "No task \"s_2026-09-15j-review-opposites-of-integers\" is in this session."}
[08:14:50] SERVE_ERR s_2026-09-15j-review-parts-of-an-expression {"code": "unknown_task", "message": "No task \"s_2026-09-15j-review-parts-of-an-expression\" is in this session."}
[08:14:50] SERVE_ERR s_2026-09-15j-review-perfect-squares {"code": "unknown_task", "message": "No task \"s_2026-09-15j-review-perfect-squares\" is in this session."}
[08:14:50] SERVE_ERR s_2026-09-15j-review-plotting-integers {"code": "unknown_task", "message": "No task \"s_2026-09-15j-review-plotting-integers\" is in this session."}
[08:14:50] SERVE_ERR s_2026-09-15j-review-polynomial-basics {"code": "unknown_task", "message": "No task \"s_2026-09-15j-review-polynomial-basics\" is in this session."}
[08:15:03] SERVE_ERR s_2026-09-15j-review-substituting-values {"code": "unknown_task", "message": "No task \"s_2026-09-15j-review-substituting-values\" is in this session."}
[08:15:03] SERVE_ERR s_2026-09-15j-review-decimal-operations {"code": "unknown_task", "message": "No task \"s_2026-09-15j-review-decimal-operations\" is in this session."}
[08:15:03] SERVE_ERR s_2026-09-15j-review-evaluating-functions {"code": "unknown_task", "message": "No task \"s_2026-09-15j-review-evaluating-functions\" is in this session."}
[08:15:03] SERVE_ERR s_2026-09-15j-review-integer-multiplication-division {"code": "unknown_task", "message": "No task \"s_2026-09-15j-review-integer-multiplication-division\" is in this session."}
[08:15:07] round [foundations]: ok {'answers': 48, 'tasks_done': 12, 'quizzes': 0, 'injected_wrong': 0, 'mismatches': 0, 'tasks_skipped': 16}
[08:15:07] round [foundations]: empty_plan {'answers': 0, 'tasks_done': 0, 'quizzes': 0, 'injected_wrong': 0, 'mismatches': 0}
[08:15:08] make_due: 283 topics
[08:15:42] SERVE_ERR s_2026-09-15k-review-multiplying-by-powers-of-ten {"code": "unknown_task", "message": "No task \"s_2026-09-15k-review-multiplying-by-powers-of-ten\" is in this session."}
[08:15:47] SERVE_ERR s_2026-09-15k-review-opposites-of-integers {"code": "unknown_task", "message": "No task \"s_2026-09-15k-review-opposites-of-integers\" is in this session."}
[08:15:51] SERVE_ERR s_2026-09-15k-review-perfect-squares {"code": "unknown_task", "message": "No task \"s_2026-09-15k-review-perfect-squares\" is in this session."}
[08:15:51] SERVE_ERR s_2026-09-15k-review-plotting-integers {"code": "unknown_task", "message": "No task \"s_2026-09-15k-review-plotting-integers\" is in this session."}
[08:15:59] SERVE_ERR s_2026-09-15k-review-whole-number-exponents {"code": "unknown_task", "message": "No task \"s_2026-09-15k-review-whole-number-exponents\" is in this session."}
[08:16:08] SERVE_ERR s_2026-09-15k-review-evaluating-functions {"code": "unknown_task", "message": "No task \"s_2026-09-15k-review-evaluating-functions\" is in this session."}
[08:16:08] SERVE_ERR s_2026-09-15k-review-integer-multiplication-division {"code": "unknown_task", "message": "No task \"s_2026-09-15k-review-integer-multiplication-division\" is in this session."}
[08:16:08] round [foundations]: ok {'answers': 56, 'tasks_done': 14, 'quizzes': 0, 'injected_wrong': 0, 'mismatches': 0, 'tasks_skipped': 7}
[08:16:17] round [foundations]: ok {'answers': 8, 'tasks_done': 0, 'quizzes': 1, 'injected_wrong': 0, 'mismatches': 0}
[08:16:17] round [foundations]: empty_plan {'answers': 0, 'tasks_done': 0, 'quizzes': 0, 'injected_wrong': 0, 'mismatches': 0}
[08:16:17] make_due: 283 topics
[08:16:31] SERVE_ERR s_2026-09-15m-review-evaluating-expressions {"code": "unknown_task", "message": "No task \"s_2026-09-15m-review-evaluating-expressions\" is in this session."}
[08:16:48] SERVE_ERR s_2026-09-15m-review-square-roots {"code": "unknown_task", "message": "No task \"s_2026-09-15m-review-square-roots\" is in this session."}
[08:16:56] SERVE_ERR s_2026-09-15m-review-absolute-value {"code": "unknown_task", "message": "No task \"s_2026-09-15m-review-absolute-value\" is in this session."}
[08:17:05] SERVE_ERR s_2026-09-15m-review-checking-a-solution {"code": "unknown_task", "message": "No task \"s_2026-09-15m-review-checking-a-solution\" is in this session."}
[08:17:05] SERVE_ERR s_2026-09-15m-review-combining-like-terms {"code": "unknown_task", "message": "No task \"s_2026-09-15m-review-combining-like-terms\" is in this session."}
[08:17:13] SERVE_ERR s_2026-09-15m-review-coordinate-plane {"code": "unknown_task", "message": "No task \"s_2026-09-15m-review-coordinate-plane\" is in this session."}
[08:17:13] SERVE_ERR s_2026-09-15m-review-coterminal-angles {"code": "unknown_task", "message": "No task \"s_2026-09-15m-review-coterminal-angles\" is in this session."}
[08:17:13] SERVE_ERR s_2026-09-15m-review-distribute-then-solve {"code": "unknown_task", "message": "No task \"s_2026-09-15m-review-distribute-then-solve\" is in this session."}
[08:17:13] SERVE_ERR s_2026-09-15m-review-equations-with-fractions {"code": "unknown_task", "message": "No task \"s_2026-09-15m-review-equations-with-fractions\" is in this session."}
[08:17:13] SERVE_ERR s_2026-09-15m-review-evaluating-exponential-functions {"code": "unknown_task", "message": "No task \"s_2026-09-15m-review-evaluating-exponential-functions\" is in this session."}
[08:17:13] SERVE_ERR s_2026-09-15m-review-factoring-gcf {"code": "unknown_task", "message": "No task \"s_2026-09-15m-review-factoring-gcf\" is in this session."}
[08:17:14] SERVE_ERR s_2026-09-15m-review-factoring-monic-trinomials {"code": "unknown_task", "message": "No task \"s_2026-09-15m-review-factoring-monic-trinomials\" is in this session."}
[08:17:14] SERVE_ERR s_2026-09-15m-review-identifying-functions-vertical-line-test {"code": "unknown_task", "message": "No task \"s_2026-09-15m-review-identifying-functions-vertical-line-test\" is in this session."}
[08:17:14] SERVE_ERR s_2026-09-15m-review-long-division {"code": "unknown_task", "message": "No task \"s_2026-09-15m-review-long-division\" is in this session."}
[08:17:14] SERVE_ERR s_2026-09-15m-review-multi-step-equations {"code": "unknown_task", "message": "No task \"s_2026-09-15m-review-multi-step-equations\" is in this session."}
[08:17:14] SERVE_ERR s_2026-09-15m-review-multiplying-binomials {"code": "unknown_task", "message": "No task \"s_2026-09-15m-review-multiplying-binomials\" is in this session."}
[08:17:14] SERVE_ERR s_2026-09-15m-review-negative-zero-exponents {"code": "unknown_task", "message": "No task \"s_2026-09-15m-review-negative-zero-exponents\" is in this session."}
[08:17:14] SERVE_ERR s_2026-09-15m-review-opposites-of-integers {"code": "unknown_task", "message": "No task \"s_2026-09-15m-review-opposites-of-integers\" is in this session."}
[08:17:14] SERVE_ERR s_2026-09-15m-review-perfect-squares {"code": "unknown_task", "message": "No task \"s_2026-09-15m-review-perfect-squares\" is in this session."}
[08:17:14] SERVE_ERR s_2026-09-15m-review-plotting-integers {"code": "unknown_task", "message": "No task \"s_2026-09-15m-review-plotting-integers\" is in this session."}
[08:17:14] SERVE_ERR s_2026-09-15m-review-power-of-a-power-rule {"code": "unknown_task", "message": "No task \"s_2026-09-15m-review-power-of-a-power-rule\" is in this session."}
[08:17:14] SERVE_ERR s_2026-09-15m-review-power-rule-exponents {"code": "unknown_task", "message": "No task \"s_2026-09-15m-review-power-rule-exponents\" is in this session."}
[08:17:14] SERVE_ERR s_2026-09-15m-review-pythagorean-theorem {"code": "unknown_task", "message": "No task \"s_2026-09-15m-review-pythagorean-theorem\" is in this session."}
[08:17:14] SERVE_ERR s_2026-09-15m-review-radians-degrees {"code": "unknown_task", "message": "No task \"s_2026-09-15m-review-radians-degrees\" is in this session."}
[08:17:14] SERVE_ERR s_2026-09-15m-review-rational-expression-restrictions {"code": "unknown_task", "message": "No task \"s_2026-09-15m-review-rational-expression-restrictions\" is in this session."}
[08:17:27] SERVE_ERR s_2026-09-15m-review-reference-angles {"code": "unknown_task", "message": "No task \"s_2026-09-15m-review-reference-angles\" is in this session."}
[08:17:27] SERVE_ERR s_2026-09-15m-review-right-triangle-trig {"code": "unknown_task", "message": "No task \"s_2026-09-15m-review-right-triangle-trig\" is in this session."}
[08:17:27] SERVE_ERR s_2026-09-15m-review-simplifying-radicals {"code": "unknown_task", "message": "No task \"s_2026-09-15m-review-simplifying-radicals\" is in this session."}
[08:17:27] SERVE_ERR s_2026-09-15m-review-simplifying-rational-monomials {"code": "unknown_task", "message": "No task \"s_2026-09-15m-review-simplifying-rational-monomials\" is in this session."}
[08:17:27] SERVE_ERR s_2026-09-15m-review-special-right-triangles {"code": "unknown_task", "message": "No task \"s_2026-09-15m-review-special-right-triangles\" is in this session."}
[08:17:27] SERVE_ERR s_2026-09-15m-review-unit-rates {"code": "unknown_task", "message": "No task \"s_2026-09-15m-review-unit-rates\" is in this session."}
[08:17:27] SERVE_ERR s_2026-09-15m-review-zero-exponent-rule {"code": "unknown_task", "message": "No task \"s_2026-09-15m-review-zero-exponent-rule\" is in this session."}
[08:17:27] SERVE_ERR s_2026-09-15m-review-comparing-ordering-fractions {"code": "unknown_task", "message": "No task \"s_2026-09-15m-review-comparing-ordering-fractions\" is in this session."}
[08:17:27] SERVE_ERR s_2026-09-15m-review-fraction-word-problems {"code": "unknown_task", "message": "No task \"s_2026-09-15m-review-fraction-word-problems\" is in this session."}
[08:17:27] SERVE_ERR s_2026-09-15m-review-gcf-of-monomials {"code": "unknown_task", "message": "No task \"s_2026-09-15m-review-gcf-of-monomials\" is in this session."}
[08:17:27] SERVE_ERR s_2026-09-15m-review-integer-addition-subtraction {"code": "unknown_task", "message": "No task \"s_2026-09-15m-review-integer-addition-subtraction\" is in this session."}
[08:17:27] SERVE_ERR s_2026-09-15m-review-multiplying-monomials-polynomials {"code": "unknown_task", "message": "No task \"s_2026-09-15m-review-multiplying-monomials-polynomials\" is in this session."}
[08:17:28] round [foundations]: ok {'answers': 64, 'tasks_done': 16, 'quizzes': 0, 'injected_wrong': 0, 'mismatches': 0, 'tasks_skipped': 37}
[08:17:28] round [foundations]: empty_plan {'answers': 0, 'tasks_done': 0, 'quizzes': 0, 'injected_wrong': 0, 'mismatches': 0}
[08:17:28] make_due: 283 topics
[08:17:38] SERVE_ERR s_2026-09-15n-review-gcf-lcm {"code": "unknown_task", "message": "No task \"s_2026-09-15n-review-gcf-lcm\" is in this session."}
[08:17:38] SERVE_ERR s_2026-09-15n-review-integer-addition-subtraction {"code": "unknown_task", "message": "No task \"s_2026-09-15n-review-integer-addition-subtraction\" is in this session."}
[08:17:38] SERVE_ERR s_2026-09-15n-review-integer-multiplication-division {"code": "unknown_task", "message": "No task \"s_2026-09-15n-review-integer-multiplication-division\" is in this session."}
[08:17:38] SERVE_ERR s_2026-09-15n-review-adding-polynomials {"code": "unknown_task", "message": "No task \"s_2026-09-15n-review-adding-polynomials\" is in this session."}
[08:17:46] SERVE_ERR s_2026-09-15n-review-long-division {"code": "unknown_task", "message": "No task \"s_2026-09-15n-review-long-division\" is in this session."}
[08:17:46] SERVE_ERR s_2026-09-15n-review-multi-digit-multiplication {"code": "unknown_task", "message": "No task \"s_2026-09-15n-review-multi-digit-multiplication\" is in this session."}
[08:17:46] SERVE_ERR s_2026-09-15n-review-multiplying-binomials {"code": "unknown_task", "message": "No task \"s_2026-09-15n-review-multiplying-binomials\" is in this session."}
[08:17:46] SERVE_ERR s_2026-09-15n-review-order-of-operations {"code": "unknown_task", "message": "No task \"s_2026-09-15n-review-order-of-operations\" is in this session."}
[08:17:46] SERVE_ERR s_2026-09-15n-review-prime-composite-numbers {"code": "unknown_task", "message": "No task \"s_2026-09-15n-review-prime-composite-numbers\" is in this session."}
[08:17:51] SERVE_ERR s_2026-09-15n-review-absolute-value {"code": "unknown_task", "message": "No task \"s_2026-09-15n-review-absolute-value\" is in this session."}
[08:17:55] SERVE_ERR s_2026-09-15n-review-checking-a-solution {"code": "unknown_task", "message": "No task \"s_2026-09-15n-review-checking-a-solution\" is in this session."}
[08:18:07] SERVE_ERR s_2026-09-15n-review-divisibility-rules {"code": "unknown_task", "message": "No task \"s_2026-09-15n-review-divisibility-rules\" is in this session."}
[08:18:12] SERVE_ERR s_2026-09-15n-review-exponent-notation {"code": "unknown_task", "message": "No task \"s_2026-09-15n-review-exponent-notation\" is in this session."}
[08:18:12] SERVE_ERR s_2026-09-15n-review-gcf-of-monomials {"code": "unknown_task", "message": "No task \"s_2026-09-15n-review-gcf-of-monomials\" is in this session."}
[08:18:12] SERVE_ERR s_2026-09-15n-review-identifying-functions-vertical-line-test {"code": "unknown_task", "message": "No task \"s_2026-09-15n-review-identifying-functions-vertical-line-test\" is in this session."}
[08:18:12] SERVE_ERR s_2026-09-15n-review-integer-exponents-intro {"code": "unknown_task", "message": "No task \"s_2026-09-15n-review-integer-exponents-intro\" is in this session."}
[08:18:16] SERVE_ERR s_2026-09-15n-review-multiplying-by-powers-of-ten {"code": "unknown_task", "message": "No task \"s_2026-09-15n-review-multiplying-by-powers-of-ten\" is in this session."}
[08:18:16] SERVE_ERR s_2026-09-15n-review-negative-zero-exponents {"code": "unknown_task", "message": "No task \"s_2026-09-15n-review-negative-zero-exponents\" is in this session."}
[08:18:16] SERVE_ERR s_2026-09-15n-review-number-line-integers {"code": "unknown_task", "message": "No task \"s_2026-09-15n-review-number-line-integers\" is in this session."}
[08:18:16] SERVE_ERR s_2026-09-15n-review-opposites-of-integers {"code": "unknown_task", "message": "No task \"s_2026-09-15n-review-opposites-of-integers\" is in this session."}
[08:18:16] SERVE_ERR s_2026-09-15n-review-parts-of-an-expression {"code": "unknown_task", "message": "No task \"s_2026-09-15n-review-parts-of-an-expression\" is in this session."}
[08:18:16] SERVE_ERR s_2026-09-15n-review-perfect-squares {"code": "unknown_task", "message": "No task \"s_2026-09-15n-review-perfect-squares\" is in this session."}
[08:18:16] SERVE_ERR s_2026-09-15n-review-plotting-integers {"code": "unknown_task", "message": "No task \"s_2026-09-15n-review-plotting-integers\" is in this session."}
[08:18:17] SERVE_ERR s_2026-09-15n-review-plotting-points {"code": "unknown_task", "message": "No task \"s_2026-09-15n-review-plotting-points\" is in this session."}
[08:18:17] SERVE_ERR s_2026-09-15n-review-polynomial-addition-subtraction {"code": "unknown_task", "message": "No task \"s_2026-09-15n-review-polynomial-addition-subtraction\" is in this session."}
[08:18:17] SERVE_ERR s_2026-09-15n-review-polynomial-multiplication {"code": "unknown_task", "message": "No task \"s_2026-09-15n-review-polynomial-multiplication\" is in this session."}
[08:18:21] SERVE_ERR s_2026-09-15n-review-power-rule-exponents {"code": "unknown_task", "message": "No task \"s_2026-09-15n-review-power-rule-exponents\" is in this session."}
[08:18:21] SERVE_ERR s_2026-09-15n-review-prime-factorization {"code": "unknown_task", "message": "No task \"s_2026-09-15n-review-prime-factorization\" is in this session."}
[08:18:25] SERVE_ERR s_2026-09-15n-review-radians-degrees {"code": "unknown_task", "message": "No task \"s_2026-09-15n-review-radians-degrees\" is in this session."}
[08:18:38] SERVE_ERR s_2026-09-15n-review-simplifying-radicals {"code": "unknown_task", "message": "No task \"s_2026-09-15n-review-simplifying-radicals\" is in this session."}
[08:18:46] SERVE_ERR s_2026-09-15n-review-substituting-values {"code": "unknown_task", "message": "No task \"s_2026-09-15n-review-substituting-values\" is in this session."}
[08:18:46] SERVE_ERR s_2026-09-15n-review-unit-rates {"code": "unknown_task", "message": "No task \"s_2026-09-15n-review-unit-rates\" is in this session."}
[08:18:46] SERVE_ERR s_2026-09-15n-review-whole-number-exponents {"code": "unknown_task", "message": "No task \"s_2026-09-15n-review-whole-number-exponents\" is in this session."}
[08:18:46] SERVE_ERR s_2026-09-15n-review-zero-exponent-rule {"code": "unknown_task", "message": "No task \"s_2026-09-15n-review-zero-exponent-rule\" is in this session."}
[08:18:46] SERVE_ERR s_2026-09-15n-review-evaluating-functions {"code": "unknown_task", "message": "No task \"s_2026-09-15n-review-evaluating-functions\" is in this session."}
[08:18:46] SERVE_ERR s_2026-09-15n-review-factoring-trinomials {"code": "unknown_task", "message": "No task \"s_2026-09-15n-review-factoring-trinomials\" is in this session."}
[08:18:51] SERVE_ERR s_2026-09-15n-review-improper-fractions-mixed-numbers {"code": "unknown_task", "message": "No task \"s_2026-09-15n-review-improper-fractions-mixed-numbers\" is in this session."}
[08:18:51] SERVE_ERR s_2026-09-15n-review-rounding-decimals {"code": "unknown_task", "message": "No task \"s_2026-09-15n-review-rounding-decimals\" is in this session."}
[08:18:51] round [foundations]: ok {'answers': 76, 'tasks_done': 19, 'quizzes': 0, 'injected_wrong': 0, 'mismatches': 0, 'tasks_skipped': 38}
[08:18:51] round [foundations]: empty_plan {'answers': 0, 'tasks_done': 0, 'quizzes': 0, 'injected_wrong': 0, 'mismatches': 0}
[08:18:52] make_due: 283 topics
[08:19:01] SERVE_ERR s_2026-09-15o-review-evaluating-expressions {"code": "unknown_task", "message": "No task \"s_2026-09-15o-review-evaluating-expressions\" is in this session."}
[08:19:05] SERVE_ERR s_2026-09-15o-review-long-division {"code": "unknown_task", "message": "No task \"s_2026-09-15o-review-long-division\" is in this session."}
[08:19:05] SERVE_ERR s_2026-09-15o-review-multiplying-binomials {"code": "unknown_task", "message": "No task \"s_2026-09-15o-review-multiplying-binomials\" is in this session."}
[08:19:05] SERVE_ERR s_2026-09-15o-review-order-of-operations {"code": "unknown_task", "message": "No task \"s_2026-09-15o-review-order-of-operations\" is in this session."}
[08:19:10] SERVE_ERR s_2026-09-15o-review-prime-composite-numbers {"code": "unknown_task", "message": "No task \"s_2026-09-15o-review-prime-composite-numbers\" is in this session."}
[08:19:14] SERVE_ERR s_2026-09-15o-review-absolute-value {"code": "unknown_task", "message": "No task \"s_2026-09-15o-review-absolute-value\" is in this session."}
[08:19:14] SERVE_ERR s_2026-09-15o-review-checking-a-solution {"code": "unknown_task", "message": "No task \"s_2026-09-15o-review-checking-a-solution\" is in this session."}
[08:19:14] SERVE_ERR s_2026-09-15o-review-coordinate-plane {"code": "unknown_task", "message": "No task \"s_2026-09-15o-review-coordinate-plane\" is in this session."}
[08:19:18] SERVE_ERR s_2026-09-15o-review-dividing-integers {"code": "unknown_task", "message": "No task \"s_2026-09-15o-review-dividing-integers\" is in this session."}
[08:19:18] SERVE_ERR s_2026-09-15o-review-divisibility-rules {"code": "unknown_task", "message": "No task \"s_2026-09-15o-review-divisibility-rules\" is in this session."}
[08:19:18] SERVE_ERR s_2026-09-15o-review-exponent-notation {"code": "unknown_task", "message": "No task \"s_2026-09-15o-review-exponent-notation\" is in this session."}
[08:19:18] SERVE_ERR s_2026-09-15o-review-factoring-monic-trinomials {"code": "unknown_task", "message": "No task \"s_2026-09-15o-review-factoring-monic-trinomials\" is in this session."}
[08:19:27] SERVE_ERR s_2026-09-15o-review-multiplying-by-powers-of-ten {"code": "unknown_task", "message": "No task \"s_2026-09-15o-review-multiplying-by-powers-of-ten\" is in this session."}
[08:19:27] SERVE_ERR s_2026-09-15o-review-multiplying-integers {"code": "unknown_task", "message": "No task \"s_2026-09-15o-review-multiplying-integers\" is in this session."}
[08:19:31] SERVE_ERR s_2026-09-15o-review-number-line-integers {"code": "unknown_task", "message": "No task \"s_2026-09-15o-review-number-line-integers\" is in this session."}
[08:19:31] SERVE_ERR s_2026-09-15o-review-opposites-of-integers {"code": "unknown_task", "message": "No task \"s_2026-09-15o-review-opposites-of-integers\" is in this session."}
[08:19:31] SERVE_ERR s_2026-09-15o-review-parts-of-an-expression {"code": "unknown_task", "message": "No task \"s_2026-09-15o-review-parts-of-an-expression\" is in this session."}
[08:19:35] SERVE_ERR s_2026-09-15o-review-plotting-integers {"code": "unknown_task", "message": "No task \"s_2026-09-15o-review-plotting-integers\" is in this session."}
[08:19:36] SERVE_ERR s_2026-09-15o-review-plotting-points {"code": "unknown_task", "message": "No task \"s_2026-09-15o-review-plotting-points\" is in this session."}
[08:19:36] SERVE_ERR s_2026-09-15o-review-polynomial-multiplication {"code": "unknown_task", "message": "No task \"s_2026-09-15o-review-polynomial-multiplication\" is in this session."}
[08:19:36] SERVE_ERR s_2026-09-15o-review-power-rule-exponents {"code": "unknown_task", "message": "No task \"s_2026-09-15o-review-power-rule-exponents\" is in this session."}
[08:19:36] SERVE_ERR s_2026-09-15o-review-prime-factorization {"code": "unknown_task", "message": "No task \"s_2026-09-15o-review-prime-factorization\" is in this session."}
[08:19:36] SERVE_ERR s_2026-09-15o-review-unit-rates {"code": "unknown_task", "message": "No task \"s_2026-09-15o-review-unit-rates\" is in this session."}
[08:19:36] SERVE_ERR s_2026-09-15o-review-whole-number-exponents {"code": "unknown_task", "message": "No task \"s_2026-09-15o-review-whole-number-exponents\" is in this session."}
[08:19:36] SERVE_ERR s_2026-09-15o-review-zero-exponent-rule {"code": "unknown_task", "message": "No task \"s_2026-09-15o-review-zero-exponent-rule\" is in this session."}
[08:19:36] SERVE_ERR s_2026-09-15o-review-decimal-addition-subtraction {"code": "unknown_task", "message": "No task \"s_2026-09-15o-review-decimal-addition-subtraction\" is in this session."}
[08:19:36] SERVE_ERR s_2026-09-15o-review-factoring-gcf {"code": "unknown_task", "message": "No task \"s_2026-09-15o-review-factoring-gcf\" is in this session."}
[08:19:36] SERVE_ERR s_2026-09-15o-review-improper-fractions-mixed-numbers {"code": "unknown_task", "message": "No task \"s_2026-09-15o-review-improper-fractions-mixed-numbers\" is in this session."}
[08:19:36] SERVE_ERR s_2026-09-15o-review-integer-addition-subtraction {"code": "unknown_task", "message": "No task \"s_2026-09-15o-review-integer-addition-subtraction\" is in this session."}
[08:19:36] SERVE_ERR s_2026-09-15o-review-multi-digit-multiplication {"code": "unknown_task", "message": "No task \"s_2026-09-15o-review-multi-digit-multiplication\" is in this session."}
[08:19:36] round [foundations]: ok {'answers': 40, 'tasks_done': 10, 'quizzes': 0, 'injected_wrong': 0, 'mismatches': 0, 'tasks_skipped': 30}
[08:19:45] round [foundations]: ok {'answers': 8, 'tasks_done': 0, 'quizzes': 1, 'injected_wrong': 0, 'mismatches': 0}
[08:19:45] round [foundations]: empty_plan {'answers': 0, 'tasks_done': 0, 'quizzes': 0, 'injected_wrong': 0, 'mismatches': 0}
[08:19:46] make_due: 283 topics
[08:20:00] SERVE_ERR s_2026-09-15q-review-multiplying-binomials {"code": "unknown_task", "message": "No task \"s_2026-09-15q-review-multiplying-binomials\" is in this session."}
[08:20:08] SERVE_ERR s_2026-09-15q-review-square-roots {"code": "unknown_task", "message": "No task \"s_2026-09-15q-review-square-roots\" is in this session."}
[08:20:08] SERVE_ERR s_2026-09-15q-review-two-step-equations {"code": "unknown_task", "message": "No task \"s_2026-09-15q-review-two-step-equations\" is in this session."}
[08:20:08] SERVE_ERR s_2026-09-15q-review-absolute-value {"code": "unknown_task", "message": "No task \"s_2026-09-15q-review-absolute-value\" is in this session."}
[08:20:08] SERVE_ERR s_2026-09-15q-review-addition-subtraction-equations {"code": "unknown_task", "message": "No task \"s_2026-09-15q-review-addition-subtraction-equations\" is in this session."}
[08:20:12] SERVE_ERR s_2026-09-15q-review-difference-of-squares {"code": "unknown_task", "message": "No task \"s_2026-09-15q-review-difference-of-squares\" is in this session."}
[08:20:17] SERVE_ERR s_2026-09-15q-review-divisibility-rules {"code": "unknown_task", "message": "No task \"s_2026-09-15q-review-divisibility-rules\" is in this session."}
[08:20:21] SERVE_ERR s_2026-09-15q-review-exponent-notation {"code": "unknown_task", "message": "No task \"s_2026-09-15q-review-exponent-notation\" is in this session."}
[08:20:21] SERVE_ERR s_2026-09-15q-review-factoring-monic-trinomials {"code": "unknown_task", "message": "No task \"s_2026-09-15q-review-factoring-monic-trinomials\" is in this session."}
[08:20:25] SERVE_ERR s_2026-09-15q-review-gcf-of-monomials {"code": "unknown_task", "message": "No task \"s_2026-09-15q-review-gcf-of-monomials\" is in this session."}
[08:20:30] SERVE_ERR s_2026-09-15q-review-integer-exponents-intro {"code": "unknown_task", "message": "No task \"s_2026-09-15q-review-integer-exponents-intro\" is in this session."}
[08:20:34] SERVE_ERR s_2026-09-15q-review-number-line-integers {"code": "unknown_task", "message": "No task \"s_2026-09-15q-review-number-line-integers\" is in this session."}
[08:20:34] SERVE_ERR s_2026-09-15q-review-opposites-of-integers {"code": "unknown_task", "message": "No task \"s_2026-09-15q-review-opposites-of-integers\" is in this session."}
[08:20:38] SERVE_ERR s_2026-09-15q-review-parts-of-an-expression {"code": "unknown_task", "message": "No task \"s_2026-09-15q-review-parts-of-an-expression\" is in this session."}
[08:20:38] SERVE_ERR s_2026-09-15q-review-perfect-square-trinomials {"code": "unknown_task", "message": "No task \"s_2026-09-15q-review-perfect-square-trinomials\" is in this session."}
[08:20:38] SERVE_ERR s_2026-09-15q-review-plotting-integers {"code": "unknown_task", "message": "No task \"s_2026-09-15q-review-plotting-integers\" is in this session."}
[08:20:38] SERVE_ERR s_2026-09-15q-review-plotting-points {"code": "unknown_task", "message": "No task \"s_2026-09-15q-review-plotting-points\" is in this session."}
[08:20:38] SERVE_ERR s_2026-09-15q-review-polynomial-basics {"code": "unknown_task", "message": "No task \"s_2026-09-15q-review-polynomial-basics\" is in this session."}
[08:20:38] SERVE_ERR s_2026-09-15q-review-polynomial-multiplication {"code": "unknown_task", "message": "No task \"s_2026-09-15q-review-polynomial-multiplication\" is in this session."}
[08:20:47] SERVE_ERR s_2026-09-15q-review-prime-composite-numbers {"code": "unknown_task", "message": "No task \"s_2026-09-15q-review-prime-composite-numbers\" is in this session."}
[08:20:59] SERVE_ERR s_2026-09-15q-review-simplifying-radicals {"code": "unknown_task", "message": "No task \"s_2026-09-15q-review-simplifying-radicals\" is in this session."}
[08:21:00] SERVE_ERR s_2026-09-15q-review-simplifying-rational-monomials {"code": "unknown_task", "message": "No task \"s_2026-09-15q-review-simplifying-rational-monomials\" is in this session."}
[08:21:00] SERVE_ERR s_2026-09-15q-review-square-root-property {"code": "unknown_task", "message": "No task \"s_2026-09-15q-review-square-root-property\" is in this session."}
[08:21:00] SERVE_ERR s_2026-09-15q-review-substituting-values {"code": "unknown_task", "message": "No task \"s_2026-09-15q-review-substituting-values\" is in this session."}
[08:21:04] SERVE_ERR s_2026-09-15q-review-variables-both-sides {"code": "unknown_task", "message": "No task \"s_2026-09-15q-review-variables-both-sides\" is in this session."}
[08:21:04] SERVE_ERR s_2026-09-15q-review-whole-number-exponents {"code": "unknown_task", "message": "No task \"s_2026-09-15q-review-whole-number-exponents\" is in this session."}
[08:21:04] SERVE_ERR s_2026-09-15q-review-zero-exponent-rule {"code": "unknown_task", "message": "No task \"s_2026-09-15q-review-zero-exponent-rule\" is in this session."}
[08:21:04] SERVE_ERR s_2026-09-15q-review-converting-to-vertex-form {"code": "unknown_task", "message": "No task \"s_2026-09-15q-review-converting-to-vertex-form\" is in this session."}
[08:21:04] SERVE_ERR s_2026-09-15q-review-evaluating-functions {"code": "unknown_task", "message": "No task \"s_2026-09-15q-review-evaluating-functions\" is in this session."}
[08:21:04] SERVE_ERR s_2026-09-15q-review-exponent-product-quotient-rules {"code": "unknown_task", "message": "No task \"s_2026-09-15q-review-exponent-product-quotient-rules\" is in this session."}
[08:21:04] round [foundations]: ok {'answers': 72, 'tasks_done': 18, 'quizzes': 0, 'injected_wrong': 0, 'mismatches': 0, 'tasks_skipped': 30}
[08:21:04] round [foundations]: empty_plan {'answers': 0, 'tasks_done': 0, 'quizzes': 0, 'injected_wrong': 0, 'mismatches': 0}
[08:21:05] make_due: 283 topics
[08:21:31] SERVE_ERR s_2026-09-15r-review-prime-composite-numbers {"code": "unknown_task", "message": "No task \"s_2026-09-15r-review-prime-composite-numbers\" is in this session."}
[08:21:36] SERVE_ERR s_2026-09-15r-review-absolute-value {"code": "unknown_task", "message": "No task \"s_2026-09-15r-review-absolute-value\" is in this session."}
[08:21:48] SERVE_ERR s_2026-09-15r-review-divisibility-rules {"code": "unknown_task", "message": "No task \"s_2026-09-15r-review-divisibility-rules\" is in this session."}
[08:21:52] SERVE_ERR s_2026-09-15r-review-exponent-notation {"code": "unknown_task", "message": "No task \"s_2026-09-15r-review-exponent-notation\" is in this session."}
[08:22:01] SERVE_ERR s_2026-09-15r-review-integer-exponents-intro {"code": "unknown_task", "message": "No task \"s_2026-09-15r-review-integer-exponents-intro\" is in this session."}
[08:22:01] SERVE_ERR s_2026-09-15r-review-long-division {"code": "unknown_task", "message": "No task \"s_2026-09-15r-review-long-division\" is in this session."}
[08:22:01] SERVE_ERR s_2026-09-15r-review-multiplying-by-one-digit {"code": "unknown_task", "message": "No task \"s_2026-09-15r-review-multiplying-by-one-digit\" is in this session."}
[08:22:14] SERVE_ERR s_2026-09-15r-review-number-line-integers {"code": "unknown_task", "message": "No task \"s_2026-09-15r-review-number-line-integers\" is in this session."}
[08:22:14] SERVE_ERR s_2026-09-15r-review-opposites-of-integers {"code": "unknown_task", "message": "No task \"s_2026-09-15r-review-opposites-of-integers\" is in this session."}
[08:22:14] SERVE_ERR s_2026-09-15r-review-parts-of-an-expression {"code": "unknown_task", "message": "No task \"s_2026-09-15r-review-parts-of-an-expression\" is in this session."}
[08:22:18] SERVE_ERR s_2026-09-15r-review-perfect-squares {"code": "unknown_task", "message": "No task \"s_2026-09-15r-review-perfect-squares\" is in this session."}
[08:22:18] SERVE_ERR s_2026-09-15r-review-plotting-integers {"code": "unknown_task", "message": "No task \"s_2026-09-15r-review-plotting-integers\" is in this session."}
[08:22:18] SERVE_ERR s_2026-09-15r-review-plotting-points {"code": "unknown_task", "message": "No task \"s_2026-09-15r-review-plotting-points\" is in this session."}
[08:22:18] SERVE_ERR s_2026-09-15r-review-polynomial-basics {"code": "unknown_task", "message": "No task \"s_2026-09-15r-review-polynomial-basics\" is in this session."}
[08:22:18] SERVE_ERR s_2026-09-15r-review-polynomial-multiplication {"code": "unknown_task", "message": "No task \"s_2026-09-15r-review-polynomial-multiplication\" is in this session."}
[08:22:18] SERVE_ERR s_2026-09-15r-review-prime-factorization {"code": "unknown_task", "message": "No task \"s_2026-09-15r-review-prime-factorization\" is in this session."}
[08:22:23] SERVE_ERR s_2026-09-15r-review-simplifying-radicals {"code": "unknown_task", "message": "No task \"s_2026-09-15r-review-simplifying-radicals\" is in this session."}
[08:22:23] SERVE_ERR s_2026-09-15r-review-slope {"code": "unknown_task", "message": "No task \"s_2026-09-15r-review-slope\" is in this session."}
[08:22:23] SERVE_ERR s_2026-09-15r-review-slope-from-a-graph {"code": "unknown_task", "message": "No task \"s_2026-09-15r-review-slope-from-a-graph\" is in this session."}
[08:22:23] SERVE_ERR s_2026-09-15r-review-slope-from-two-points {"code": "unknown_task", "message": "No task \"s_2026-09-15r-review-slope-from-two-points\" is in this session."}
[08:22:23] SERVE_ERR s_2026-09-15r-review-solutions-of-two-variable-equations {"code": "unknown_task", "message": "No task \"s_2026-09-15r-review-solutions-of-two-variable-equations\" is in this session."}
[08:22:23] SERVE_ERR s_2026-09-15r-review-special-products {"code": "unknown_task", "message": "No task \"s_2026-09-15r-review-special-products\" is in this session."}
[08:22:27] SERVE_ERR s_2026-09-15r-review-variables-both-sides {"code": "unknown_task", "message": "No task \"s_2026-09-15r-review-variables-both-sides\" is in this session."}
[08:22:31] SERVE_ERR s_2026-09-15r-review-zero-exponent-rule {"code": "unknown_task", "message": "No task \"s_2026-09-15r-review-zero-exponent-rule\" is in this session."}
[08:22:36] SERVE_ERR s_2026-09-15r-review-decimal-operations {"code": "unknown_task", "message": "No task \"s_2026-09-15r-review-decimal-operations\" is in this session."}
[08:22:36] SERVE_ERR s_2026-09-15r-review-factoring-gcf {"code": "unknown_task", "message": "No task \"s_2026-09-15r-review-factoring-gcf\" is in this session."}
[08:22:36] SERVE_ERR s_2026-09-15r-review-factoring-trinomials {"code": "unknown_task", "message": "No task \"s_2026-09-15r-review-factoring-trinomials\" is in this session."}
[08:22:36] SERVE_ERR s_2026-09-15r-review-improper-fractions-mixed-numbers {"code": "unknown_task", "message": "No task \"s_2026-09-15r-review-improper-fractions-mixed-numbers\" is in this session."}
[08:22:36] SERVE_ERR s_2026-09-15r-review-multiplication-division-word-problems {"code": "unknown_task", "message": "No task \"s_2026-09-15r-review-multiplication-division-word-problems\" is in this session."}
[08:22:36] SERVE_ERR s_2026-09-15r-review-quadratic-equations-factoring {"code": "unknown_task", "message": "No task \"s_2026-09-15r-review-quadratic-equations-factoring\" is in this session."}
[08:22:36] SERVE_ERR s_2026-09-15r-review-rounding-decimals {"code": "unknown_task", "message": "No task \"s_2026-09-15r-review-rounding-decimals\" is in this session."}
[08:22:36] SERVE_ERR s_2026-09-15r-review-rounding-whole-numbers {"code": "unknown_task", "message": "No task \"s_2026-09-15r-review-rounding-whole-numbers\" is in this session."}
[08:22:36] round [foundations]: ok {'answers': 84, 'tasks_done': 21, 'quizzes': 0, 'injected_wrong': 0, 'mismatches': 0, 'tasks_skipped': 32}
[08:22:36] round [foundations]: empty_plan {'answers': 0, 'tasks_done': 0, 'quizzes': 0, 'injected_wrong': 0, 'mismatches': 0}
[08:22:37] make_due: 283 topics
[08:22:46] SERVE_ERR s_2026-09-15s-review-division-with-remainders {"code": "unknown_task", "message": "No task \"s_2026-09-15s-review-division-with-remainders\" is in this session."}
[08:22:46] SERVE_ERR s_2026-09-15s-review-factoring-by-grouping {"code": "unknown_task", "message": "No task \"s_2026-09-15s-review-factoring-by-grouping\" is in this session."}
[08:22:55] SERVE_ERR s_2026-09-15s-review-absolute-value {"code": "unknown_task", "message": "No task \"s_2026-09-15s-review-absolute-value\" is in this session."}
[08:22:55] SERVE_ERR s_2026-09-15s-review-checking-a-solution {"code": "unknown_task", "message": "No task \"s_2026-09-15s-review-checking-a-solution\" is in this session."}
[08:22:59] SERVE_ERR s_2026-09-15s-review-divisibility-rules {"code": "unknown_task", "message": "No task \"s_2026-09-15s-review-divisibility-rules\" is in this session."}
[08:23:03] SERVE_ERR s_2026-09-15s-review-exponent-notation {"code": "unknown_task", "message": "No task \"s_2026-09-15s-review-exponent-notation\" is in this session."}
[08:23:03] SERVE_ERR s_2026-09-15s-review-factoring-monic-trinomials {"code": "unknown_task", "message": "No task \"s_2026-09-15s-review-factoring-monic-trinomials\" is in this session."}
[08:23:03] SERVE_ERR s_2026-09-15s-review-fraction-of-a-number {"code": "unknown_task", "message": "No task \"s_2026-09-15s-review-fraction-of-a-number\" is in this session."}
[08:23:03] SERVE_ERR s_2026-09-15s-review-gcf-of-monomials {"code": "unknown_task", "message": "No task \"s_2026-09-15s-review-gcf-of-monomials\" is in this session."}
[08:23:08] SERVE_ERR s_2026-09-15s-review-integer-exponents-intro {"code": "unknown_task", "message": "No task \"s_2026-09-15s-review-integer-exponents-intro\" is in this session."}
[08:23:08] SERVE_ERR s_2026-09-15s-review-long-division {"code": "unknown_task", "message": "No task \"s_2026-09-15s-review-long-division\" is in this session."}
[08:23:08] SERVE_ERR s_2026-09-15s-review-multiplying-by-one-digit {"code": "unknown_task", "message": "No task \"s_2026-09-15s-review-multiplying-by-one-digit\" is in this session."}
[08:23:08] SERVE_ERR s_2026-09-15s-review-number-line-integers {"code": "unknown_task", "message": "No task \"s_2026-09-15s-review-number-line-integers\" is in this session."}
[08:23:08] SERVE_ERR s_2026-09-15s-review-opposites-of-integers {"code": "unknown_task", "message": "No task \"s_2026-09-15s-review-opposites-of-integers\" is in this session."}
[08:23:08] SERVE_ERR s_2026-09-15s-review-parts-of-an-expression {"code": "unknown_task", "message": "No task \"s_2026-09-15s-review-parts-of-an-expression\" is in this session."}
[08:23:08] SERVE_ERR s_2026-09-15s-review-perfect-squares {"code": "unknown_task", "message": "No task \"s_2026-09-15s-review-perfect-squares\" is in this session."}
[08:23:08] SERVE_ERR s_2026-09-15s-review-plotting-integers {"code": "unknown_task", "message": "No task \"s_2026-09-15s-review-plotting-integers\" is in this session."}
[08:23:08] SERVE_ERR s_2026-09-15s-review-polynomial-basics {"code": "unknown_task", "message": "No task \"s_2026-09-15s-review-polynomial-basics\" is in this session."}
[08:23:08] SERVE_ERR s_2026-09-15s-review-polynomial-multiplication {"code": "unknown_task", "message": "No task \"s_2026-09-15s-review-polynomial-multiplication\" is in this session."}
[08:23:17] SERVE_ERR s_2026-09-15s-review-prime-composite-numbers {"code": "unknown_task", "message": "No task \"s_2026-09-15s-review-prime-composite-numbers\" is in this session."}
[08:23:17] SERVE_ERR s_2026-09-15s-review-slope {"code": "unknown_task", "message": "No task \"s_2026-09-15s-review-slope\" is in this session."}
[08:23:17] SERVE_ERR s_2026-09-15s-review-slope-from-a-graph {"code": "unknown_task", "message": "No task \"s_2026-09-15s-review-slope-from-a-graph\" is in this session."}
[08:23:17] SERVE_ERR s_2026-09-15s-review-slope-from-two-points {"code": "unknown_task", "message": "No task \"s_2026-09-15s-review-slope-from-two-points\" is in this session."}
[08:23:17] SERVE_ERR s_2026-09-15s-review-slope-intercept-form {"code": "unknown_task", "message": "No task \"s_2026-09-15s-review-slope-intercept-form\" is in this session."}
[08:23:17] SERVE_ERR s_2026-09-15s-review-substituting-values {"code": "unknown_task", "message": "No task \"s_2026-09-15s-review-substituting-values\" is in this session."}
[08:23:21] SERVE_ERR s_2026-09-15s-review-whole-number-exponents {"code": "unknown_task", "message": "No task \"s_2026-09-15s-review-whole-number-exponents\" is in this session."}
[08:23:25] SERVE_ERR s_2026-09-15s-review-evaluating-functions {"code": "unknown_task", "message": "No task \"s_2026-09-15s-review-evaluating-functions\" is in this session."}
[08:23:26] SERVE_ERR s_2026-09-15s-review-exponent-product-quotient-rules {"code": "unknown_task", "message": "No task \"s_2026-09-15s-review-exponent-product-quotient-rules\" is in this session."}
[08:23:26] SERVE_ERR s_2026-09-15s-review-integer-multiplication-division {"code": "unknown_task", "message": "No task \"s_2026-09-15s-review-integer-multiplication-division\" is in this session."}
[08:23:26] SERVE_ERR s_2026-09-15s-review-multiplication-division-word-problems {"code": "unknown_task", "message": "No task \"s_2026-09-15s-review-multiplication-division-word-problems\" is in this session."}
[08:23:26] SERVE_ERR s_2026-09-15s-review-rounding-decimals {"code": "unknown_task", "message": "No task \"s_2026-09-15s-review-rounding-decimals\" is in this session."}
[08:23:26] SERVE_ERR s_2026-09-15s-review-two-step-equations {"code": "unknown_task", "message": "No task \"s_2026-09-15s-review-two-step-equations\" is in this session."}
[08:23:26] round [foundations]: ok {'answers': 44, 'tasks_done': 11, 'quizzes': 0, 'injected_wrong': 0, 'mismatches': 0, 'tasks_skipped': 32}
[08:23:35] round [foundations]: ok {'answers': 8, 'tasks_done': 0, 'quizzes': 1, 'injected_wrong': 0, 'mismatches': 0}
[08:23:35] round [foundations]: empty_plan {'answers': 0, 'tasks_done': 0, 'quizzes': 0, 'injected_wrong': 0, 'mismatches': 0}
[08:23:35] make_due: 283 topics
[08:24:02] SERVE_ERR s_2026-09-15u-review-multiplying-binomials {"code": "unknown_task", "message": "No task \"s_2026-09-15u-review-multiplying-binomials\" is in this session."}
[08:24:02] SERVE_ERR s_2026-09-15u-review-prime-composite-numbers {"code": "unknown_task", "message": "No task \"s_2026-09-15u-review-prime-composite-numbers\" is in this session."}
[08:24:10] SERVE_ERR s_2026-09-15u-review-square-roots {"code": "unknown_task", "message": "No task \"s_2026-09-15u-review-square-roots\" is in this session."}
[08:24:15] SERVE_ERR s_2026-09-15u-review-absolute-value {"code": "unknown_task", "message": "No task \"s_2026-09-15u-review-absolute-value\" is in this session."}
[08:24:19] SERVE_ERR s_2026-09-15u-review-checking-a-solution {"code": "unknown_task", "message": "No task \"s_2026-09-15u-review-checking-a-solution\" is in this session."}
[08:24:23] SERVE_ERR s_2026-09-15u-review-coordinate-plane {"code": "unknown_task", "message": "No task \"s_2026-09-15u-review-coordinate-plane\" is in this session."}
[08:24:23] SERVE_ERR s_2026-09-15u-review-coterminal-angles {"code": "unknown_task", "message": "No task \"s_2026-09-15u-review-coterminal-angles\" is in this session."}
[08:24:27] SERVE_ERR s_2026-09-15u-review-difference-of-squares {"code": "unknown_task", "message": "No task \"s_2026-09-15u-review-difference-of-squares\" is in this session."}
[08:24:28] SERVE_ERR s_2026-09-15u-review-divisibility-rules {"code": "unknown_task", "message": "No task \"s_2026-09-15u-review-divisibility-rules\" is in this session."}
[08:24:28] SERVE_ERR s_2026-09-15u-review-evaluating-exponential-functions {"code": "unknown_task", "message": "No task \"s_2026-09-15u-review-evaluating-exponential-functions\" is in this session."}
[08:24:28] SERVE_ERR s_2026-09-15u-review-exponent-notation {"code": "unknown_task", "message": "No task \"s_2026-09-15u-review-exponent-notation\" is in this session."}
[08:24:28] SERVE_ERR s_2026-09-15u-review-fraction-of-a-number {"code": "unknown_task", "message": "No task \"s_2026-09-15u-review-fraction-of-a-number\" is in this session."}
[08:24:28] SERVE_ERR s_2026-09-15u-review-gcf-of-monomials {"code": "unknown_task", "message": "No task \"s_2026-09-15u-review-gcf-of-monomials\" is in this session."}
[08:24:36] SERVE_ERR s_2026-09-15u-review-integer-exponents-intro {"code": "unknown_task", "message": "No task \"s_2026-09-15u-review-integer-exponents-intro\" is in this session."}
[08:24:36] SERVE_ERR s_2026-09-15u-review-long-division {"code": "unknown_task", "message": "No task \"s_2026-09-15u-review-long-division\" is in this session."}
[08:24:41] SERVE_ERR s_2026-09-15u-review-negative-zero-exponents {"code": "unknown_task", "message": "No task \"s_2026-09-15u-review-negative-zero-exponents\" is in this session."}
[08:24:41] SERVE_ERR s_2026-09-15u-review-number-line-integers {"code": "unknown_task", "message": "No task \"s_2026-09-15u-review-number-line-integers\" is in this session."}
[08:24:41] SERVE_ERR s_2026-09-15u-review-opposites-of-integers {"code": "unknown_task", "message": "No task \"s_2026-09-15u-review-opposites-of-integers\" is in this session."}
[08:24:41] SERVE_ERR s_2026-09-15u-review-parts-of-an-expression {"code": "unknown_task", "message": "No task \"s_2026-09-15u-review-parts-of-an-expression\" is in this session."}
[08:24:41] SERVE_ERR s_2026-09-15u-review-perfect-square-trinomials {"code": "unknown_task", "message": "No task \"s_2026-09-15u-review-perfect-square-trinomials\" is in this session."}
[08:24:41] SERVE_ERR s_2026-09-15u-review-perfect-squares {"code": "unknown_task", "message": "No task \"s_2026-09-15u-review-perfect-squares\" is in this session."}
[08:24:41] SERVE_ERR s_2026-09-15u-review-plotting-integers {"code": "unknown_task", "message": "No task \"s_2026-09-15u-review-plotting-integers\" is in this session."}
[08:24:41] SERVE_ERR s_2026-09-15u-review-plotting-points {"code": "unknown_task", "message": "No task \"s_2026-09-15u-review-plotting-points\" is in this session."}
[08:24:41] SERVE_ERR s_2026-09-15u-review-polynomial-addition-subtraction {"code": "unknown_task", "message": "No task \"s_2026-09-15u-review-polynomial-addition-subtraction\" is in this session."}
[08:24:41] SERVE_ERR s_2026-09-15u-review-polynomial-basics {"code": "unknown_task", "message": "No task \"s_2026-09-15u-review-polynomial-basics\" is in this session."}
[08:24:41] SERVE_ERR s_2026-09-15u-review-polynomial-multiplication {"code": "unknown_task", "message": "No task \"s_2026-09-15u-review-polynomial-multiplication\" is in this session."}
[08:24:41] SERVE_ERR s_2026-09-15u-review-prime-factorization {"code": "unknown_task", "message": "No task \"s_2026-09-15u-review-prime-factorization\" is in this session."}
[08:24:41] SERVE_ERR s_2026-09-15u-review-pythagorean-theorem {"code": "unknown_task", "message": "No task \"s_2026-09-15u-review-pythagorean-theorem\" is in this session."}
[08:24:41] SERVE_ERR s_2026-09-15u-review-radians-degrees {"code": "unknown_task", "message": "No task \"s_2026-09-15u-review-radians-degrees\" is in this session."}
[08:24:54] SERVE_ERR s_2026-09-15u-review-reference-angles {"code": "unknown_task", "message": "No task \"s_2026-09-15u-review-reference-angles\" is in this session."}
[08:24:54] SERVE_ERR s_2026-09-15u-review-right-triangle-trig {"code": "unknown_task", "message": "No task \"s_2026-09-15u-review-right-triangle-trig\" is in this session."}
[08:24:54] SERVE_ERR s_2026-09-15u-review-simplifying-radicals {"code": "unknown_task", "message": "No task \"s_2026-09-15u-review-simplifying-radicals\" is in this session."}
[08:24:54] SERVE_ERR s_2026-09-15u-review-simplifying-rational-monomials {"code": "unknown_task", "message": "No task \"s_2026-09-15u-review-simplifying-rational-monomials\" is in this session."}
[08:24:54] SERVE_ERR s_2026-09-15u-review-slope {"code": "unknown_task", "message": "No task \"s_2026-09-15u-review-slope\" is in this session."}
[08:24:54] SERVE_ERR s_2026-09-15u-review-slope-from-a-graph {"code": "unknown_task", "message": "No task \"s_2026-09-15u-review-slope-from-a-graph\" is in this session."}
[08:24:54] SERVE_ERR s_2026-09-15u-review-slope-from-two-points {"code": "unknown_task", "message": "No task \"s_2026-09-15u-review-slope-from-two-points\" is in this session."}
[08:24:59] SERVE_ERR s_2026-09-15u-review-solutions-of-two-variable-equations {"code": "unknown_task", "message": "No task \"s_2026-09-15u-review-solutions-of-two-variable-equations\" is in this session."}
[08:24:59] SERVE_ERR s_2026-09-15u-review-special-products {"code": "unknown_task", "message": "No task \"s_2026-09-15u-review-special-products\" is in this session."}
[08:24:59] SERVE_ERR s_2026-09-15u-review-special-right-triangles {"code": "unknown_task", "message": "No task \"s_2026-09-15u-review-special-right-triangles\" is in this session."}
[08:24:59] SERVE_ERR s_2026-09-15u-review-square-root-property {"code": "unknown_task", "message": "No task \"s_2026-09-15u-review-square-root-property\" is in this session."}
[08:24:59] SERVE_ERR s_2026-09-15u-review-unit-rates {"code": "unknown_task", "message": "No task \"s_2026-09-15u-review-unit-rates\" is in this session."}
[08:25:03] SERVE_ERR s_2026-09-15u-review-factoring-trinomials {"code": "unknown_task", "message": "No task \"s_2026-09-15u-review-factoring-trinomials\" is in this session."}
[08:25:03] SERVE_ERR s_2026-09-15u-review-integer-addition-subtraction {"code": "unknown_task", "message": "No task \"s_2026-09-15u-review-integer-addition-subtraction\" is in this session."}
[08:25:03] SERVE_ERR s_2026-09-15u-review-multiplication-division-word-problems {"code": "unknown_task", "message": "No task \"s_2026-09-15u-review-multiplication-division-word-problems\" is in this session."}
[08:25:08] round [foundations]: ok {'answers': 84, 'tasks_done': 21, 'quizzes': 0, 'injected_wrong': 0, 'mismatches': 0, 'tasks_skipped': 44}
[08:25:08] round [foundations]: empty_plan {'answers': 0, 'tasks_done': 0, 'quizzes': 0, 'injected_wrong': 0, 'mismatches': 0}
[08:25:08] make_due: 283 topics
[08:25:18] SERVE_ERR s_2026-09-15v-review-integer-multiplication-division {"code": "unknown_task", "message": "No task \"s_2026-09-15v-review-integer-multiplication-division\" is in this session."}
[08:25:22] SERVE_ERR s_2026-09-15v-review-division-with-remainders {"code": "unknown_task", "message": "No task \"s_2026-09-15v-review-division-with-remainders\" is in this session."}
[08:25:31] SERVE_ERR s_2026-09-15v-review-order-of-operations {"code": "unknown_task", "message": "No task \"s_2026-09-15v-review-order-of-operations\" is in this session."}
[08:25:35] SERVE_ERR s_2026-09-15v-review-absolute-value {"code": "unknown_task", "message": "No task \"s_2026-09-15v-review-absolute-value\" is in this session."}
[08:25:35] SERVE_ERR s_2026-09-15v-review-addition-subtraction-equations {"code": "unknown_task", "message": "No task \"s_2026-09-15v-review-addition-subtraction-equations\" is in this session."}
[08:25:43] SERVE_ERR s_2026-09-15v-review-difference-of-squares {"code": "unknown_task", "message": "No task \"s_2026-09-15v-review-difference-of-squares\" is in this session."}
[08:25:48] SERVE_ERR s_2026-09-15v-review-divisibility-rules {"code": "unknown_task", "message": "No task \"s_2026-09-15v-review-divisibility-rules\" is in this session."}
[08:25:56] SERVE_ERR s_2026-09-15v-review-exponent-notation {"code": "unknown_task", "message": "No task \"s_2026-09-15v-review-exponent-notation\" is in this session."}
[08:25:56] SERVE_ERR s_2026-09-15v-review-fraction-of-a-number {"code": "unknown_task", "message": "No task \"s_2026-09-15v-review-fraction-of-a-number\" is in this session."}
[08:26:01] SERVE_ERR s_2026-09-15v-review-integer-exponents-intro {"code": "unknown_task", "message": "No task \"s_2026-09-15v-review-integer-exponents-intro\" is in this session."}
[08:26:01] SERVE_ERR s_2026-09-15v-review-long-division {"code": "unknown_task", "message": "No task \"s_2026-09-15v-review-long-division\" is in this session."}
[08:26:01] SERVE_ERR s_2026-09-15v-review-multi-step-equations {"code": "unknown_task", "message": "No task \"s_2026-09-15v-review-multi-step-equations\" is in this session."}
[08:26:01] SERVE_ERR s_2026-09-15v-review-multiplying-by-one-digit {"code": "unknown_task", "message": "No task \"s_2026-09-15v-review-multiplying-by-one-digit\" is in this session."}
[08:26:01] SERVE_ERR s_2026-09-15v-review-negative-zero-exponents {"code": "unknown_task", "message": "No task \"s_2026-09-15v-review-negative-zero-exponents\" is in this session."}
[08:26:01] SERVE_ERR s_2026-09-15v-review-number-line-integers {"code": "unknown_task", "message": "No task \"s_2026-09-15v-review-number-line-integers\" is in this session."}
[08:26:01] SERVE_ERR s_2026-09-15v-review-opposites-of-integers {"code": "unknown_task", "message": "No task \"s_2026-09-15v-review-opposites-of-integers\" is in this session."}
[08:26:01] SERVE_ERR s_2026-09-15v-review-parts-of-an-expression {"code": "unknown_task", "message": "No task \"s_2026-09-15v-review-parts-of-an-expression\" is in this session."}
[08:26:05] SERVE_ERR s_2026-09-15v-review-perfect-squares {"code": "unknown_task", "message": "No task \"s_2026-09-15v-review-perfect-squares\" is in this session."}
[08:26:05] SERVE_ERR s_2026-09-15v-review-plotting-integers {"code": "unknown_task", "message": "No task \"s_2026-09-15v-review-plotting-integers\" is in this session."}
[08:26:05] SERVE_ERR s_2026-09-15v-review-plotting-points {"code": "unknown_task", "message": "No task \"s_2026-09-15v-review-plotting-points\" is in this session."}
[08:26:10] SERVE_ERR s_2026-09-15v-review-polynomial-basics {"code": "unknown_task", "message": "No task \"s_2026-09-15v-review-polynomial-basics\" is in this session."}
[08:26:10] SERVE_ERR s_2026-09-15v-review-polynomial-multiplication {"code": "unknown_task", "message": "No task \"s_2026-09-15v-review-polynomial-multiplication\" is in this session."}
[08:26:10] SERVE_ERR s_2026-09-15v-review-power-of-a-power-rule {"code": "unknown_task", "message": "No task \"s_2026-09-15v-review-power-of-a-power-rule\" is in this session."}
[08:26:10] SERVE_ERR s_2026-09-15v-review-power-rule-exponents {"code": "unknown_task", "message": "No task \"s_2026-09-15v-review-power-rule-exponents\" is in this session."}
[08:26:10] SERVE_ERR s_2026-09-15v-review-prime-composite-numbers {"code": "unknown_task", "message": "No task \"s_2026-09-15v-review-prime-composite-numbers\" is in this session."}
[08:26:14] SERVE_ERR s_2026-09-15v-review-radians-degrees {"code": "unknown_task", "message": "No task \"s_2026-09-15v-review-radians-degrees\" is in this session."}
[08:26:31] SERVE_ERR s_2026-09-15v-review-slope-from-a-graph {"code": "unknown_task", "message": "No task \"s_2026-09-15v-review-slope-from-a-graph\" is in this session."}
[08:26:31] SERVE_ERR s_2026-09-15v-review-slope-from-two-points {"code": "unknown_task", "message": "No task \"s_2026-09-15v-review-slope-from-two-points\" is in this session."}
[08:26:31] SERVE_ERR s_2026-09-15v-review-special-products {"code": "unknown_task", "message": "No task \"s_2026-09-15v-review-special-products\" is in this session."}
[08:26:40] SERVE_ERR s_2026-09-15v-review-unit-rates {"code": "unknown_task", "message": "No task \"s_2026-09-15v-review-unit-rates\" is in this session."}
[08:26:40] SERVE_ERR s_2026-09-15v-review-variables-both-sides {"code": "unknown_task", "message": "No task \"s_2026-09-15v-review-variables-both-sides\" is in this session."}
[08:26:40] SERVE_ERR s_2026-09-15v-review-whole-number-exponents {"code": "unknown_task", "message": "No task \"s_2026-09-15v-review-whole-number-exponents\" is in this session."}
[08:26:40] SERVE_ERR s_2026-09-15v-review-zero-exponent-rule {"code": "unknown_task", "message": "No task \"s_2026-09-15v-review-zero-exponent-rule\" is in this session."}
[08:26:40] SERVE_ERR s_2026-09-15v-review-evaluating-expressions {"code": "unknown_task", "message": "No task \"s_2026-09-15v-review-evaluating-expressions\" is in this session."}
[08:26:40] SERVE_ERR s_2026-09-15v-review-factoring-gcf {"code": "unknown_task", "message": "No task \"s_2026-09-15v-review-factoring-gcf\" is in this session."}
[08:26:40] SERVE_ERR s_2026-09-15v-review-factoring-trinomials {"code": "unknown_task", "message": "No task \"s_2026-09-15v-review-factoring-trinomials\" is in this session."}
[08:26:40] SERVE_ERR s_2026-09-15v-review-integer-addition-subtraction {"code": "unknown_task", "message": "No task \"s_2026-09-15v-review-integer-addition-subtraction\" is in this session."}
[08:26:40] SERVE_ERR s_2026-09-15v-review-multiplication-division-word-problems {"code": "unknown_task", "message": "No task \"s_2026-09-15v-review-multiplication-division-word-problems\" is in this session."}
[08:26:44] SERVE_ERR s_2026-09-15v-review-square-roots {"code": "unknown_task", "message": "No task \"s_2026-09-15v-review-square-roots\" is in this session."}
[08:26:44] SERVE_ERR s_2026-09-15v-review-two-step-equations {"code": "unknown_task", "message": "No task \"s_2026-09-15v-review-two-step-equations\" is in this session."}
[08:26:45] round [foundations]: ok {'answers': 88, 'tasks_done': 22, 'quizzes': 0, 'injected_wrong': 0, 'mismatches': 0, 'tasks_skipped': 40}
[08:26:54] round [foundations]: ok {'answers': 8, 'tasks_done': 0, 'quizzes': 1, 'injected_wrong': 0, 'mismatches': 0}
[08:26:54] round [foundations]: empty_plan {'answers': 0, 'tasks_done': 0, 'quizzes': 0, 'injected_wrong': 0, 'mismatches': 0}
[08:26:54] make_due: 283 topics
[08:27:08] SERVE_ERR s_2026-09-15x-review-order-of-operations {"code": "unknown_task", "message": "No task \"s_2026-09-15x-review-order-of-operations\" is in this session."}
[08:27:08] SERVE_ERR s_2026-09-15x-review-prime-composite-numbers {"code": "unknown_task", "message": "No task \"s_2026-09-15x-review-prime-composite-numbers\" is in this session."}
[08:27:12] SERVE_ERR s_2026-09-15x-review-absolute-value {"code": "unknown_task", "message": "No task \"s_2026-09-15x-review-absolute-value\" is in this session."}
[08:27:38] SERVE_ERR s_2026-09-15x-review-divisibility-rules {"code": "unknown_task", "message": "No task \"s_2026-09-15x-review-divisibility-rules\" is in this session."}
[08:27:38] SERVE_ERR s_2026-09-15x-review-fraction-of-a-number {"code": "unknown_task", "message": "No task \"s_2026-09-15x-review-fraction-of-a-number\" is in this session."}
[08:27:42] SERVE_ERR s_2026-09-15x-review-gcf-of-monomials {"code": "unknown_task", "message": "No task \"s_2026-09-15x-review-gcf-of-monomials\" is in this session."}
[08:27:47] SERVE_ERR s_2026-09-15x-review-long-division {"code": "unknown_task", "message": "No task \"s_2026-09-15x-review-long-division\" is in this session."}
[08:27:55] SERVE_ERR s_2026-09-15x-review-number-line-integers {"code": "unknown_task", "message": "No task \"s_2026-09-15x-review-number-line-integers\" is in this session."}
[08:27:55] SERVE_ERR s_2026-09-15x-review-opposites-of-integers {"code": "unknown_task", "message": "No task \"s_2026-09-15x-review-opposites-of-integers\" is in this session."}
[08:27:55] SERVE_ERR s_2026-09-15x-review-parts-of-an-expression {"code": "unknown_task", "message": "No task \"s_2026-09-15x-review-parts-of-an-expression\" is in this session."}
[08:27:55] SERVE_ERR s_2026-09-15x-review-perfect-squares {"code": "unknown_task", "message": "No task \"s_2026-09-15x-review-perfect-squares\" is in this session."}
[08:27:55] SERVE_ERR s_2026-09-15x-review-plotting-integers {"code": "unknown_task", "message": "No task \"s_2026-09-15x-review-plotting-integers\" is in this session."}
[08:27:55] SERVE_ERR s_2026-09-15x-review-plotting-points {"code": "unknown_task", "message": "No task \"s_2026-09-15x-review-plotting-points\" is in this session."}
[08:28:04] SERVE_ERR s_2026-09-15x-review-power-rule-exponents {"code": "unknown_task", "message": "No task \"s_2026-09-15x-review-power-rule-exponents\" is in this session."}
[08:28:04] SERVE_ERR s_2026-09-15x-review-prime-factorization {"code": "unknown_task", "message": "No task \"s_2026-09-15x-review-prime-factorization\" is in this session."}
[08:28:08] SERVE_ERR s_2026-09-15x-review-signed-decimal-operations {"code": "unknown_task", "message": "No task \"s_2026-09-15x-review-signed-decimal-operations\" is in this session."}
[08:28:08] SERVE_ERR s_2026-09-15x-review-slope-from-a-graph {"code": "unknown_task", "message": "No task \"s_2026-09-15x-review-slope-from-a-graph\" is in this session."}
[08:28:13] SERVE_ERR s_2026-09-15x-review-solutions-of-two-variable-equations {"code": "unknown_task", "message": "No task \"s_2026-09-15x-review-solutions-of-two-variable-equations\" is in this session."}
[08:28:17] SERVE_ERR s_2026-09-15x-review-unit-rates {"code": "unknown_task", "message": "No task \"s_2026-09-15x-review-unit-rates\" is in this session."}
[08:28:17] SERVE_ERR s_2026-09-15x-review-whole-number-exponents {"code": "unknown_task", "message": "No task \"s_2026-09-15x-review-whole-number-exponents\" is in this session."}
[08:28:17] SERVE_ERR s_2026-09-15x-review-zero-exponent-rule {"code": "unknown_task", "message": "No task \"s_2026-09-15x-review-zero-exponent-rule\" is in this session."}
[08:28:17] SERVE_ERR s_2026-09-15x-review-integer-multiplication-division {"code": "unknown_task", "message": "No task \"s_2026-09-15x-review-integer-multiplication-division\" is in this session."}
[08:28:17] round [foundations]: ok {'answers': 76, 'tasks_done': 19, 'quizzes': 0, 'injected_wrong': 0, 'mismatches': 0, 'tasks_skipped': 22}
[08:28:17] round [foundations]: empty_plan {'answers': 0, 'tasks_done': 0, 'quizzes': 0, 'injected_wrong': 0, 'mismatches': 0}
[08:28:18] make_due: 283 topics
[08:28:27] SERVE_ERR s_2026-09-15y-review-division-with-remainders {"code": "unknown_task", "message": "No task \"s_2026-09-15y-review-division-with-remainders\" is in this session."}
[08:28:40] SERVE_ERR s_2026-09-15y-review-absolute-value {"code": "unknown_task", "message": "No task \"s_2026-09-15y-review-absolute-value\" is in this session."}
[08:28:53] SERVE_ERR s_2026-09-15y-review-exponent-notation {"code": "unknown_task", "message": "No task \"s_2026-09-15y-review-exponent-notation\" is in this session."}
[08:28:53] SERVE_ERR s_2026-09-15y-review-fraction-of-a-number {"code": "unknown_task", "message": "No task \"s_2026-09-15y-review-fraction-of-a-number\" is in this session."}
[08:28:57] SERVE_ERR s_2026-09-15y-review-long-division {"code": "unknown_task", "message": "No task \"s_2026-09-15y-review-long-division\" is in this session."}
[08:28:57] SERVE_ERR s_2026-09-15y-review-multiplying-by-one-digit {"code": "unknown_task", "message": "No task \"s_2026-09-15y-review-multiplying-by-one-digit\" is in this session."}
[08:28:57] SERVE_ERR s_2026-09-15y-review-number-line-integers {"code": "unknown_task", "message": "No task \"s_2026-09-15y-review-number-line-integers\" is in this session."}
[08:29:02] SERVE_ERR s_2026-09-15y-review-opposites-of-integers {"code": "unknown_task", "message": "No task \"s_2026-09-15y-review-opposites-of-integers\" is in this session."}
[08:29:02] SERVE_ERR s_2026-09-15y-review-parts-of-an-expression {"code": "unknown_task", "message": "No task \"s_2026-09-15y-review-parts-of-an-expression\" is in this session."}
[08:29:02] SERVE_ERR s_2026-09-15y-review-perfect-squares {"code": "unknown_task", "message": "No task \"s_2026-09-15y-review-perfect-squares\" is in this session."}
[08:29:02] SERVE_ERR s_2026-09-15y-review-plotting-integers {"code": "unknown_task", "message": "No task \"s_2026-09-15y-review-plotting-integers\" is in this session."}
[08:29:02] SERVE_ERR s_2026-09-15y-review-plotting-points {"code": "unknown_task", "message": "No task \"s_2026-09-15y-review-plotting-points\" is in this session."}
[08:29:40] SERVE_ERR s_2026-09-15y-review-whole-number-exponents {"code": "unknown_task", "message": "No task \"s_2026-09-15y-review-whole-number-exponents\" is in this session."}
[08:29:49] SERVE_ERR s_2026-09-15y-review-multiplication-division-word-problems {"code": "unknown_task", "message": "No task \"s_2026-09-15y-review-multiplication-division-word-problems\" is in this session."}
[08:29:49] SERVE_ERR s_2026-09-15y-review-square-roots {"code": "unknown_task", "message": "No task \"s_2026-09-15y-review-square-roots\" is in this session."}
[08:29:49] SERVE_ERR s_2026-09-15y-review-variables-both-sides {"code": "unknown_task", "message": "No task \"s_2026-09-15y-review-variables-both-sides\" is in this session."}
[08:29:49] round [foundations]: ok {'answers': 84, 'tasks_done': 21, 'quizzes': 0, 'injected_wrong': 0, 'mismatches': 0, 'tasks_skipped': 16}
[08:29:58] round [foundations]: ok {'answers': 8, 'tasks_done': 0, 'quizzes': 1, 'injected_wrong': 0, 'mismatches': 0}
[08:29:58] round [foundations]: empty_plan {'answers': 0, 'tasks_done': 0, 'quizzes': 0, 'injected_wrong': 0, 'mismatches': 0}
[08:29:59] make_due: 283 topics
[08:30:17] SERVE_ERR s_2026-09-15aa-review-absolute-value {"code": "unknown_task", "message": "No task \"s_2026-09-15aa-review-absolute-value\" is in this session."}
[08:30:21] SERVE_ERR s_2026-09-15aa-review-decimal-multiplication-powers-of-ten {"code": "unknown_task", "message": "No task \"s_2026-09-15aa-review-decimal-multiplication-powers-of-ten\" is in this session."}
[08:30:34] SERVE_ERR s_2026-09-15aa-review-exponent-notation {"code": "unknown_task", "message": "No task \"s_2026-09-15aa-review-exponent-notation\" is in this session."}
[08:30:38] SERVE_ERR s_2026-09-15aa-review-fraction-of-a-number {"code": "unknown_task", "message": "No task \"s_2026-09-15aa-review-fraction-of-a-number\" is in this session."}
[08:30:38] SERVE_ERR s_2026-09-15aa-review-integer-exponents-intro {"code": "unknown_task", "message": "No task \"s_2026-09-15aa-review-integer-exponents-intro\" is in this session."}
[08:30:38] SERVE_ERR s_2026-09-15aa-review-long-division {"code": "unknown_task", "message": "No task \"s_2026-09-15aa-review-long-division\" is in this session."}
[08:30:38] SERVE_ERR s_2026-09-15aa-review-multi-step-equations {"code": "unknown_task", "message": "No task \"s_2026-09-15aa-review-multi-step-equations\" is in this session."}
[08:30:38] SERVE_ERR s_2026-09-15aa-review-multiplying-by-one-digit {"code": "unknown_task", "message": "No task \"s_2026-09-15aa-review-multiplying-by-one-digit\" is in this session."}
[08:30:39] SERVE_ERR s_2026-09-15aa-review-negative-zero-exponents {"code": "unknown_task", "message": "No task \"s_2026-09-15aa-review-negative-zero-exponents\" is in this session."}
[08:30:39] SERVE_ERR s_2026-09-15aa-review-number-line-integers {"code": "unknown_task", "message": "No task \"s_2026-09-15aa-review-number-line-integers\" is in this session."}
[08:30:39] SERVE_ERR s_2026-09-15aa-review-opposites-of-integers {"code": "unknown_task", "message": "No task \"s_2026-09-15aa-review-opposites-of-integers\" is in this session."}
[08:30:39] SERVE_ERR s_2026-09-15aa-review-parts-of-an-expression {"code": "unknown_task", "message": "No task \"s_2026-09-15aa-review-parts-of-an-expression\" is in this session."}
[08:30:39] SERVE_ERR s_2026-09-15aa-review-perfect-squares {"code": "unknown_task", "message": "No task \"s_2026-09-15aa-review-perfect-squares\" is in this session."}
[08:30:39] SERVE_ERR s_2026-09-15aa-review-plotting-integers {"code": "unknown_task", "message": "No task \"s_2026-09-15aa-review-plotting-integers\" is in this session."}
[08:30:47] SERVE_ERR s_2026-09-15aa-review-substitution-with-isolated-variable {"code": "unknown_task", "message": "No task \"s_2026-09-15aa-review-substitution-with-isolated-variable\" is in this session."}
[08:30:56] SERVE_ERR s_2026-09-15aa-review-translating-phrases-to-expressions {"code": "unknown_task", "message": "No task \"s_2026-09-15aa-review-translating-phrases-to-expressions\" is in this session."}
[08:30:56] SERVE_ERR s_2026-09-15aa-review-translating-sentences-to-equations {"code": "unknown_task", "message": "No task \"s_2026-09-15aa-review-translating-sentences-to-equations\" is in this session."}
[08:30:56] SERVE_ERR s_2026-09-15aa-review-exponential-functions {"code": "unknown_task", "message": "No task \"s_2026-09-15aa-review-exponential-functions\" is in this session."}
[08:31:00] SERVE_ERR s_2026-09-15aa-review-multiplication-division-word-problems {"code": "unknown_task", "message": "No task \"s_2026-09-15aa-review-multiplication-division-word-problems\" is in this session."}
[08:31:00] SERVE_ERR s_2026-09-15aa-review-square-roots {"code": "unknown_task", "message": "No task \"s_2026-09-15aa-review-square-roots\" is in this session."}
[08:31:00] round [foundations]: ok {'answers': 56, 'tasks_done': 14, 'quizzes': 0, 'injected_wrong': 0, 'mismatches': 0, 'tasks_skipped': 20}
[08:31:01] round [foundations]: empty_plan {'answers': 0, 'tasks_done': 0, 'quizzes': 0, 'injected_wrong': 0, 'mismatches': 0}
[08:31:01] make_due: 283 topics
[08:31:15] SERVE_ERR s_2026-09-15ab-review-order-of-operations {"code": "unknown_task", "message": "No task \"s_2026-09-15ab-review-order-of-operations\" is in this session."}
[08:31:19] SERVE_ERR s_2026-09-15ab-review-absolute-value {"code": "unknown_task", "message": "No task \"s_2026-09-15ab-review-absolute-value\" is in this session."}
[08:31:24] SERVE_ERR s_2026-09-15ab-review-checking-a-solution {"code": "unknown_task", "message": "No task \"s_2026-09-15ab-review-checking-a-solution\" is in this session."}
[08:31:32] SERVE_ERR s_2026-09-15ab-review-exponent-notation {"code": "unknown_task", "message": "No task \"s_2026-09-15ab-review-exponent-notation\" is in this session."}
[08:31:41] SERVE_ERR s_2026-09-15ab-review-integer-exponents-intro {"code": "unknown_task", "message": "No task \"s_2026-09-15ab-review-integer-exponents-intro\" is in this session."}
[08:31:41] SERVE_ERR s_2026-09-15ab-review-long-division {"code": "unknown_task", "message": "No task \"s_2026-09-15ab-review-long-division\" is in this session."}
[08:31:41] SERVE_ERR s_2026-09-15ab-review-multiplying-by-one-digit {"code": "unknown_task", "message": "No task \"s_2026-09-15ab-review-multiplying-by-one-digit\" is in this session."}
[08:31:41] SERVE_ERR s_2026-09-15ab-review-multiplying-by-powers-of-ten {"code": "unknown_task", "message": "No task \"s_2026-09-15ab-review-multiplying-by-powers-of-ten\" is in this session."}
[08:31:45] SERVE_ERR s_2026-09-15ab-review-number-line-integers {"code": "unknown_task", "message": "No task \"s_2026-09-15ab-review-number-line-integers\" is in this session."}
[08:31:45] SERVE_ERR s_2026-09-15ab-review-opposites-of-integers {"code": "unknown_task", "message": "No task \"s_2026-09-15ab-review-opposites-of-integers\" is in this session."}
[08:31:50] SERVE_ERR s_2026-09-15ab-review-perfect-squares {"code": "unknown_task", "message": "No task \"s_2026-09-15ab-review-perfect-squares\" is in this session."}
[08:31:50] SERVE_ERR s_2026-09-15ab-review-plotting-integers {"code": "unknown_task", "message": "No task \"s_2026-09-15ab-review-plotting-integers\" is in this session."}
[08:31:50] SERVE_ERR s_2026-09-15ab-review-plotting-points {"code": "unknown_task", "message": "No task \"s_2026-09-15ab-review-plotting-points\" is in this session."}
[08:31:54] SERVE_ERR s_2026-09-15ab-review-power-rule-exponents {"code": "unknown_task", "message": "No task \"s_2026-09-15ab-review-power-rule-exponents\" is in this session."}
[08:32:07] SERVE_ERR s_2026-09-15ab-review-whole-number-exponents {"code": "unknown_task", "message": "No task \"s_2026-09-15ab-review-whole-number-exponents\" is in this session."}
[08:32:07] SERVE_ERR s_2026-09-15ab-review-zero-exponent-rule {"code": "unknown_task", "message": "No task \"s_2026-09-15ab-review-zero-exponent-rule\" is in this session."}
[08:32:07] SERVE_ERR s_2026-09-15ab-review-adding-subtracting-fractions {"code": "unknown_task", "message": "No task \"s_2026-09-15ab-review-adding-subtracting-fractions\" is in this session."}
[08:32:07] SERVE_ERR s_2026-09-15ab-review-evaluating-expressions {"code": "unknown_task", "message": "No task \"s_2026-09-15ab-review-evaluating-expressions\" is in this session."}
[08:32:07] SERVE_ERR s_2026-09-15ab-review-improper-fractions-mixed-numbers {"code": "unknown_task", "message": "No task \"s_2026-09-15ab-review-improper-fractions-mixed-numbers\" is in this session."}
[08:32:07] SERVE_ERR s_2026-09-15ab-review-integer-addition-subtraction {"code": "unknown_task", "message": "No task \"s_2026-09-15ab-review-integer-addition-subtraction\" is in this session."}
[08:32:07] SERVE_ERR s_2026-09-15ab-review-integer-multiplication-division {"code": "unknown_task", "message": "No task \"s_2026-09-15ab-review-integer-multiplication-division\" is in this session."}
[08:32:07] SERVE_ERR s_2026-09-15ab-review-multiplication-division-word-problems {"code": "unknown_task", "message": "No task \"s_2026-09-15ab-review-multiplication-division-word-problems\" is in this session."}
[08:32:07] SERVE_ERR s_2026-09-15ab-review-rounding-decimals {"code": "unknown_task", "message": "No task \"s_2026-09-15ab-review-rounding-decimals\" is in this session."}
[08:32:07] SERVE_ERR s_2026-09-15ab-review-rounding-whole-numbers {"code": "unknown_task", "message": "No task \"s_2026-09-15ab-review-rounding-whole-numbers\" is in this session."}
[08:32:07] round [foundations]: ok {'answers': 60, 'tasks_done': 15, 'quizzes': 0, 'injected_wrong': 0, 'mismatches': 0, 'tasks_skipped': 24}
[08:32:07] round [foundations]: empty_plan {'answers': 0, 'tasks_done': 0, 'quizzes': 0, 'injected_wrong': 0, 'mismatches': 0}
[08:32:08] make_due: 283 topics
[08:32:39] SERVE_ERR s_2026-09-15ac-review-long-division {"code": "unknown_task", "message": "No task \"s_2026-09-15ac-review-long-division\" is in this session."}
[08:32:39] SERVE_ERR s_2026-09-15ac-review-number-line-integers {"code": "unknown_task", "message": "No task \"s_2026-09-15ac-review-number-line-integers\" is in this session."}
[08:32:39] SERVE_ERR s_2026-09-15ac-review-opposites-of-integers {"code": "unknown_task", "message": "No task \"s_2026-09-15ac-review-opposites-of-integers\" is in this session."}
[08:32:39] SERVE_ERR s_2026-09-15ac-review-perfect-squares {"code": "unknown_task", "message": "No task \"s_2026-09-15ac-review-perfect-squares\" is in this session."}
[08:32:39] SERVE_ERR s_2026-09-15ac-review-plotting-integers {"code": "unknown_task", "message": "No task \"s_2026-09-15ac-review-plotting-integers\" is in this session."}
[08:32:48] SERVE_ERR s_2026-09-15ac-review-substituting-values {"code": "unknown_task", "message": "No task \"s_2026-09-15ac-review-substituting-values\" is in this session."}
[08:32:48] SERVE_ERR s_2026-09-15ac-review-whole-number-exponents {"code": "unknown_task", "message": "No task \"s_2026-09-15ac-review-whole-number-exponents\" is in this session."}
[08:32:52] SERVE_ERR s_2026-09-15ac-review-adding-subtracting-fractions {"code": "unknown_task", "message": "No task \"s_2026-09-15ac-review-adding-subtracting-fractions\" is in this session."}
[08:32:56] SERVE_ERR s_2026-09-15ac-review-improper-fractions-mixed-numbers {"code": "unknown_task", "message": "No task \"s_2026-09-15ac-review-improper-fractions-mixed-numbers\" is in this session."}
[08:32:56] SERVE_ERR s_2026-09-15ac-review-integer-addition-subtraction {"code": "unknown_task", "message": "No task \"s_2026-09-15ac-review-integer-addition-subtraction\" is in this session."}
[08:32:56] SERVE_ERR s_2026-09-15ac-review-integer-multiplication-division {"code": "unknown_task", "message": "No task \"s_2026-09-15ac-review-integer-multiplication-division\" is in this session."}
[08:32:56] SERVE_ERR s_2026-09-15ac-review-multi-digit-multiplication {"code": "unknown_task", "message": "No task \"s_2026-09-15ac-review-multi-digit-multiplication\" is in this session."}
[08:32:57] SERVE_ERR s_2026-09-15ac-review-multiplication-division-word-problems {"code": "unknown_task", "message": "No task \"s_2026-09-15ac-review-multiplication-division-word-problems\" is in this session."}
[08:33:01] round [foundations]: ok {'answers': 48, 'tasks_done': 12, 'quizzes': 0, 'injected_wrong': 0, 'mismatches': 0, 'tasks_skipped': 13}
[08:33:10] round [foundations]: ok {'answers': 8, 'tasks_done': 0, 'quizzes': 1, 'injected_wrong': 0, 'mismatches': 0}
[08:33:10] round [foundations]: empty_plan {'answers': 0, 'tasks_done': 0, 'quizzes': 0, 'injected_wrong': 0, 'mismatches': 0}
[08:33:11] make_due: 283 topics
[08:33:29] SERVE_ERR s_2026-09-15ae-review-square-roots {"code": "unknown_task", "message": "No task \"s_2026-09-15ae-review-square-roots\" is in this session."}
[08:33:33] SERVE_ERR s_2026-09-15ae-review-addition-subtraction-equations {"code": "unknown_task", "message": "No task \"s_2026-09-15ae-review-addition-subtraction-equations\" is in this session."}
[08:33:37] SERVE_ERR s_2026-09-15ae-review-coordinate-plane {"code": "unknown_task", "message": "No task \"s_2026-09-15ae-review-coordinate-plane\" is in this session."}
[08:33:37] SERVE_ERR s_2026-09-15ae-review-coterminal-angles {"code": "unknown_task", "message": "No task \"s_2026-09-15ae-review-coterminal-angles\" is in this session."}
[08:33:42] SERVE_ERR s_2026-09-15ae-review-evaluating-logarithms {"code": "unknown_task", "message": "No task \"s_2026-09-15ae-review-evaluating-logarithms\" is in this session."}
[08:33:42] SERVE_ERR s_2026-09-15ae-review-fraction-of-a-number {"code": "unknown_task", "message": "No task \"s_2026-09-15ae-review-fraction-of-a-number\" is in this session."}
[08:33:42] SERVE_ERR s_2026-09-15ae-review-function-notation {"code": "unknown_task", "message": "No task \"s_2026-09-15ae-review-function-notation\" is in this session."}
[08:33:55] SERVE_ERR s_2026-09-15ae-review-long-division {"code": "unknown_task", "message": "No task \"s_2026-09-15ae-review-long-division\" is in this session."}
[08:33:55] SERVE_ERR s_2026-09-15ae-review-multiplying-by-powers-of-ten {"code": "unknown_task", "message": "No task \"s_2026-09-15ae-review-multiplying-by-powers-of-ten\" is in this session."}
[08:33:55] SERVE_ERR s_2026-09-15ae-review-opposites-of-integers {"code": "unknown_task", "message": "No task \"s_2026-09-15ae-review-opposites-of-integers\" is in this session."}
[08:33:55] SERVE_ERR s_2026-09-15ae-review-parts-of-an-expression {"code": "unknown_task", "message": "No task \"s_2026-09-15ae-review-parts-of-an-expression\" is in this session."}
[08:33:59] SERVE_ERR s_2026-09-15ae-review-plotting-integers {"code": "unknown_task", "message": "No task \"s_2026-09-15ae-review-plotting-integers\" is in this session."}
[08:33:59] SERVE_ERR s_2026-09-15ae-review-prime-factorization {"code": "unknown_task", "message": "No task \"s_2026-09-15ae-review-prime-factorization\" is in this session."}
[08:33:59] SERVE_ERR s_2026-09-15ae-review-pythagorean-theorem {"code": "unknown_task", "message": "No task \"s_2026-09-15ae-review-pythagorean-theorem\" is in this session."}
[08:33:59] SERVE_ERR s_2026-09-15ae-review-radians-degrees {"code": "unknown_task", "message": "No task \"s_2026-09-15ae-review-radians-degrees\" is in this session."}
[08:33:59] SERVE_ERR s_2026-09-15ae-review-reference-angles {"code": "unknown_task", "message": "No task \"s_2026-09-15ae-review-reference-angles\" is in this session."}
[08:33:59] SERVE_ERR s_2026-09-15ae-review-right-triangle-trig {"code": "unknown_task", "message": "No task \"s_2026-09-15ae-review-right-triangle-trig\" is in this session."}
[08:34:00] SERVE_ERR s_2026-09-15ae-review-simplifying-radicals {"code": "unknown_task", "message": "No task \"s_2026-09-15ae-review-simplifying-radicals\" is in this session."}
[08:34:00] SERVE_ERR s_2026-09-15ae-review-special-right-triangles {"code": "unknown_task", "message": "No task \"s_2026-09-15ae-review-special-right-triangles\" is in this session."}
[08:34:04] SERVE_ERR s_2026-09-15ae-review-adding-polynomials {"code": "unknown_task", "message": "No task \"s_2026-09-15ae-review-adding-polynomials\" is in this session."}
[08:34:04] SERVE_ERR s_2026-09-15ae-review-adding-subtracting-fractions {"code": "unknown_task", "message": "No task \"s_2026-09-15ae-review-adding-subtracting-fractions\" is in this session."}
[08:34:04] SERVE_ERR s_2026-09-15ae-review-exponent-product-quotient-rules {"code": "unknown_task", "message": "No task \"s_2026-09-15ae-review-exponent-product-quotient-rules\" is in this session."}
[08:34:04] SERVE_ERR s_2026-09-15ae-review-exponential-functions {"code": "unknown_task", "message": "No task \"s_2026-09-15ae-review-exponential-functions\" is in this session."}
[08:34:04] SERVE_ERR s_2026-09-15ae-review-multiplication-division-word-problems {"code": "unknown_task", "message": "No task \"s_2026-09-15ae-review-multiplication-division-word-problems\" is in this session."}
[08:34:04] SERVE_ERR s_2026-09-15ae-review-multiplying-monomials-polynomials {"code": "unknown_task", "message": "No task \"s_2026-09-15ae-review-multiplying-monomials-polynomials\" is in this session."}
[08:34:04] SERVE_ERR s_2026-09-15ae-review-percent-conversions {"code": "unknown_task", "message": "No task \"s_2026-09-15ae-review-percent-conversions\" is in this session."}
[08:34:04] round [foundations]: ok {'answers': 48, 'tasks_done': 12, 'quizzes': 0, 'injected_wrong': 0, 'mismatches': 0, 'tasks_skipped': 26}
[08:34:04] round [foundations]: empty_plan {'answers': 0, 'tasks_done': 0, 'quizzes': 0, 'injected_wrong': 0, 'mismatches': 0}
[08:34:05] make_due: 283 topics
[08:34:27] SERVE_ERR s_2026-09-15af-review-fraction-of-a-number {"code": "unknown_task", "message": "No task \"s_2026-09-15af-review-fraction-of-a-number\" is in this session."}
[08:34:32] SERVE_ERR s_2026-09-15af-review-order-of-operations {"code": "unknown_task", "message": "No task \"s_2026-09-15af-review-order-of-operations\" is in this session."}
[08:34:32] SERVE_ERR s_2026-09-15af-review-square-roots {"code": "unknown_task", "message": "No task \"s_2026-09-15af-review-square-roots\" is in this session."}
[08:34:32] SERVE_ERR s_2026-09-15af-review-absolute-value {"code": "unknown_task", "message": "No task \"s_2026-09-15af-review-absolute-value\" is in this session."}
[08:34:32] SERVE_ERR s_2026-09-15af-review-addition-subtraction-equations {"code": "unknown_task", "message": "No task \"s_2026-09-15af-review-addition-subtraction-equations\" is in this session."}
[08:34:32] SERVE_ERR s_2026-09-15af-review-checking-a-solution {"code": "unknown_task", "message": "No task \"s_2026-09-15af-review-checking-a-solution\" is in this session."}
[08:34:41] SERVE_ERR s_2026-09-15af-review-exponent-notation {"code": "unknown_task", "message": "No task \"s_2026-09-15af-review-exponent-notation\" is in this session."}
[08:34:41] SERVE_ERR s_2026-09-15af-review-greatest-common-factor {"code": "unknown_task", "message": "No task \"s_2026-09-15af-review-greatest-common-factor\" is in this session."}
[08:34:41] SERVE_ERR s_2026-09-15af-review-integer-exponents-intro {"code": "unknown_task", "message": "No task \"s_2026-09-15af-review-integer-exponents-intro\" is in this session."}
[08:34:41] SERVE_ERR s_2026-09-15af-review-long-division {"code": "unknown_task", "message": "No task \"s_2026-09-15af-review-long-division\" is in this session."}
[08:34:41] SERVE_ERR s_2026-09-15af-review-multiplying-by-one-digit {"code": "unknown_task", "message": "No task \"s_2026-09-15af-review-multiplying-by-one-digit\" is in this session."}
[08:34:41] SERVE_ERR s_2026-09-15af-review-multiplying-by-powers-of-ten {"code": "unknown_task", "message": "No task \"s_2026-09-15af-review-multiplying-by-powers-of-ten\" is in this session."}
[08:34:45] SERVE_ERR s_2026-09-15af-review-number-line-integers {"code": "unknown_task", "message": "No task \"s_2026-09-15af-review-number-line-integers\" is in this session."}
[08:34:45] SERVE_ERR s_2026-09-15af-review-opposites-of-integers {"code": "unknown_task", "message": "No task \"s_2026-09-15af-review-opposites-of-integers\" is in this session."}
[08:34:50] SERVE_ERR s_2026-09-15af-review-plotting-integers {"code": "unknown_task", "message": "No task \"s_2026-09-15af-review-plotting-integers\" is in this session."}
[08:34:50] SERVE_ERR s_2026-09-15af-review-plotting-points {"code": "unknown_task", "message": "No task \"s_2026-09-15af-review-plotting-points\" is in this session."}
[08:34:50] SERVE_ERR s_2026-09-15af-review-power-of-a-power-rule {"code": "unknown_task", "message": "No task \"s_2026-09-15af-review-power-of-a-power-rule\" is in this session."}
[08:35:03] SERVE_ERR s_2026-09-15af-review-radians-degrees {"code": "unknown_task", "message": "No task \"s_2026-09-15af-review-radians-degrees\" is in this session."}
[08:35:07] SERVE_ERR s_2026-09-15af-review-simplifying-radicals {"code": "unknown_task", "message": "No task \"s_2026-09-15af-review-simplifying-radicals\" is in this session."}
[08:35:11] SERVE_ERR s_2026-09-15af-review-whole-number-exponents {"code": "unknown_task", "message": "No task \"s_2026-09-15af-review-whole-number-exponents\" is in this session."}
[08:35:11] SERVE_ERR s_2026-09-15af-review-zero-exponent-rule {"code": "unknown_task", "message": "No task \"s_2026-09-15af-review-zero-exponent-rule\" is in this session."}
[08:35:16] SERVE_ERR s_2026-09-15af-review-adding-subtracting-fractions {"code": "unknown_task", "message": "No task \"s_2026-09-15af-review-adding-subtracting-fractions\" is in this session."}
[08:35:20] SERVE_ERR s_2026-09-15af-review-improper-fractions-mixed-numbers {"code": "unknown_task", "message": "No task \"s_2026-09-15af-review-improper-fractions-mixed-numbers\" is in this session."}
[08:35:20] SERVE_ERR s_2026-09-15af-review-integer-addition-subtraction {"code": "unknown_task", "message": "No task \"s_2026-09-15af-review-integer-addition-subtraction\" is in this session."}
[08:35:20] SERVE_ERR s_2026-09-15af-review-integer-multiplication-division {"code": "unknown_task", "message": "No task \"s_2026-09-15af-review-integer-multiplication-division\" is in this session."}
[08:35:20] SERVE_ERR s_2026-09-15af-review-least-common-multiple {"code": "unknown_task", "message": "No task \"s_2026-09-15af-review-least-common-multiple\" is in this session."}
[08:35:20] SERVE_ERR s_2026-09-15af-review-multiplication-division-word-problems {"code": "unknown_task", "message": "No task \"s_2026-09-15af-review-multiplication-division-word-problems\" is in this session."}
[08:35:29] SERVE_ERR s_2026-09-15af-review-rounding-decimals {"code": "unknown_task", "message": "No task \"s_2026-09-15af-review-rounding-decimals\" is in this session."}
[08:35:29] SERVE_ERR s_2026-09-15af-review-rounding-whole-numbers {"code": "unknown_task", "message": "No task \"s_2026-09-15af-review-rounding-whole-numbers\" is in this session."}
[08:35:29] round [foundations]: ok {'answers': 76, 'tasks_done': 19, 'quizzes': 0, 'injected_wrong': 0, 'mismatches': 0, 'tasks_skipped': 29}
[08:35:29] round [foundations]: empty_plan {'answers': 0, 'tasks_done': 0, 'quizzes': 0, 'injected_wrong': 0, 'mismatches': 0}
[08:35:30] make_due: 283 topics
[08:35:44] SERVE_ERR s_2026-09-15ag-review-checking-a-solution {"code": "unknown_task", "message": "No task \"s_2026-09-15ag-review-checking-a-solution\" is in this session."}
[08:35:56] SERVE_ERR s_2026-09-15ag-review-fraction-of-a-number {"code": "unknown_task", "message": "No task \"s_2026-09-15ag-review-fraction-of-a-number\" is in this session."}
[08:35:57] SERVE_ERR s_2026-09-15ag-review-greatest-common-factor {"code": "unknown_task", "message": "No task \"s_2026-09-15ag-review-greatest-common-factor\" is in this session."}
[08:36:05] SERVE_ERR s_2026-09-15ag-review-multiplying-by-one-digit {"code": "unknown_task", "message": "No task \"s_2026-09-15ag-review-multiplying-by-one-digit\" is in this session."}
[08:36:05] SERVE_ERR s_2026-09-15ag-review-multiplying-by-powers-of-ten {"code": "unknown_task", "message": "No task \"s_2026-09-15ag-review-multiplying-by-powers-of-ten\" is in this session."}
[08:36:05] SERVE_ERR s_2026-09-15ag-review-number-line-integers {"code": "unknown_task", "message": "No task \"s_2026-09-15ag-review-number-line-integers\" is in this session."}
[08:36:05] SERVE_ERR s_2026-09-15ag-review-opposites-of-integers {"code": "unknown_task", "message": "No task \"s_2026-09-15ag-review-opposites-of-integers\" is in this session."}
[08:36:10] SERVE_ERR s_2026-09-15ag-review-plotting-integers {"code": "unknown_task", "message": "No task \"s_2026-09-15ag-review-plotting-integers\" is in this session."}
[08:36:10] SERVE_ERR s_2026-09-15ag-review-plotting-points {"code": "unknown_task", "message": "No task \"s_2026-09-15ag-review-plotting-points\" is in this session."}
[08:36:31] SERVE_ERR s_2026-09-15ag-review-unit-rates {"code": "unknown_task", "message": "No task \"s_2026-09-15ag-review-unit-rates\" is in this session."}
[08:36:31] SERVE_ERR s_2026-09-15ag-review-whole-number-exponents {"code": "unknown_task", "message": "No task \"s_2026-09-15ag-review-whole-number-exponents\" is in this session."}
[08:36:36] SERVE_ERR s_2026-09-15ag-review-adding-subtracting-fractions {"code": "unknown_task", "message": "No task \"s_2026-09-15ag-review-adding-subtracting-fractions\" is in this session."}
[08:36:36] SERVE_ERR s_2026-09-15ag-review-decimal-addition-subtraction {"code": "unknown_task", "message": "No task \"s_2026-09-15ag-review-decimal-addition-subtraction\" is in this session."}
[08:36:36] SERVE_ERR s_2026-09-15ag-review-improper-fractions-mixed-numbers {"code": "unknown_task", "message": "No task \"s_2026-09-15ag-review-improper-fractions-mixed-numbers\" is in this session."}
[08:36:36] SERVE_ERR s_2026-09-15ag-review-multiplication-division-word-problems {"code": "unknown_task", "message": "No task \"s_2026-09-15ag-review-multiplication-division-word-problems\" is in this session."}
[08:36:36] SERVE_ERR s_2026-09-15ag-review-order-of-operations {"code": "unknown_task", "message": "No task \"s_2026-09-15ag-review-order-of-operations\" is in this session."}
[08:36:36] SERVE_ERR s_2026-09-15ag-review-rounding-whole-numbers {"code": "unknown_task", "message": "No task \"s_2026-09-15ag-review-rounding-whole-numbers\" is in this session."}
[08:36:36] SERVE_ERR s_2026-09-15ag-review-square-roots {"code": "unknown_task", "message": "No task \"s_2026-09-15ag-review-square-roots\" is in this session."}
[08:36:40] round [foundations]: ok {'answers': 64, 'tasks_done': 16, 'quizzes': 0, 'injected_wrong': 0, 'mismatches': 0, 'tasks_skipped': 18}
[08:36:50] round [foundations]: ok {'answers': 8, 'tasks_done': 0, 'quizzes': 1, 'injected_wrong': 0, 'mismatches': 0}
[08:36:50] round [foundations]: empty_plan {'answers': 0, 'tasks_done': 0, 'quizzes': 0, 'injected_wrong': 0, 'mismatches': 0}
[08:36:50] make_due: 283 topics
[08:36:56] SERVE_ERR s_2026-09-15ai-review-gcf-lcm {"code": "unknown_task", "message": "No task \"s_2026-09-15ai-review-gcf-lcm\" is in this session."}
[08:36:56] SERVE_ERR s_2026-09-15ai-review-adding-polynomials {"code": "unknown_task", "message": "No task \"s_2026-09-15ai-review-adding-polynomials\" is in this session."}
[08:37:09] SERVE_ERR s_2026-09-15ai-review-multiplying-binomials {"code": "unknown_task", "message": "No task \"s_2026-09-15ai-review-multiplying-binomials\" is in this session."}
[08:37:09] SERVE_ERR s_2026-09-15ai-review-order-of-operations {"code": "unknown_task", "message": "No task \"s_2026-09-15ai-review-order-of-operations\" is in this session."}
[08:37:09] SERVE_ERR s_2026-09-15ai-review-prime-composite-numbers {"code": "unknown_task", "message": "No task \"s_2026-09-15ai-review-prime-composite-numbers\" is in this session."}
[08:37:13] SERVE_ERR s_2026-09-15ai-review-divisibility-rules {"code": "unknown_task", "message": "No task \"s_2026-09-15ai-review-divisibility-rules\" is in this session."}
[08:37:22] SERVE_ERR s_2026-09-15ai-review-integer-exponents-intro {"code": "unknown_task", "message": "No task \"s_2026-09-15ai-review-integer-exponents-intro\" is in this session."}
[08:37:22] SERVE_ERR s_2026-09-15ai-review-opposites-of-integers {"code": "unknown_task", "message": "No task \"s_2026-09-15ai-review-opposites-of-integers\" is in this session."}
[08:37:22] SERVE_ERR s_2026-09-15ai-review-parts-of-an-expression {"code": "unknown_task", "message": "No task \"s_2026-09-15ai-review-parts-of-an-expression\" is in this session."}
[08:37:22] SERVE_ERR s_2026-09-15ai-review-plotting-integers {"code": "unknown_task", "message": "No task \"s_2026-09-15ai-review-plotting-integers\" is in this session."}
[08:37:26] SERVE_ERR s_2026-09-15ai-review-polynomial-multiplication {"code": "unknown_task", "message": "No task \"s_2026-09-15ai-review-polynomial-multiplication\" is in this session."}
[08:37:39] SERVE_ERR s_2026-09-15ai-review-solving-right-triangles-sides {"code": "unknown_task", "message": "No task \"s_2026-09-15ai-review-solving-right-triangles-sides\" is in this session."}
[08:37:39] SERVE_ERR s_2026-09-15ai-review-whole-number-exponents {"code": "unknown_task", "message": "No task \"s_2026-09-15ai-review-whole-number-exponents\" is in this session."}
[08:37:39] SERVE_ERR s_2026-09-15ai-review-adding-subtracting-fractions {"code": "unknown_task", "message": "No task \"s_2026-09-15ai-review-adding-subtracting-fractions\" is in this session."}
[08:37:39] SERVE_ERR s_2026-09-15ai-review-integer-multiplication-division {"code": "unknown_task", "message": "No task \"s_2026-09-15ai-review-integer-multiplication-division\" is in this session."}
[08:37:39] SERVE_ERR s_2026-09-15ai-review-square-roots {"code": "unknown_task", "message": "No task \"s_2026-09-15ai-review-square-roots\" is in this session."}
[08:37:39] round [foundations]: ok {'answers': 44, 'tasks_done': 11, 'quizzes': 0, 'injected_wrong': 0, 'mismatches': 0, 'tasks_skipped': 16}
[08:37:40] round [foundations]: empty_plan {'answers': 0, 'tasks_done': 0, 'quizzes': 0, 'injected_wrong': 0, 'mismatches': 0}
[08:37:40] make_due: 283 topics
[08:37:58] SERVE_ERR s_2026-09-15aj-review-absolute-value {"code": "unknown_task", "message": "No task \"s_2026-09-15aj-review-absolute-value\" is in this session."}
[08:38:07] SERVE_ERR s_2026-09-15aj-review-exponent-notation {"code": "unknown_task", "message": "No task \"s_2026-09-15aj-review-exponent-notation\" is in this session."}
[08:38:11] SERVE_ERR s_2026-09-15aj-review-integer-exponents-intro {"code": "unknown_task", "message": "No task \"s_2026-09-15aj-review-integer-exponents-intro\" is in this session."}
[08:38:16] SERVE_ERR s_2026-09-15aj-review-multiplying-by-powers-of-ten {"code": "unknown_task", "message": "No task \"s_2026-09-15aj-review-multiplying-by-powers-of-ten\" is in this session."}
[08:38:16] SERVE_ERR s_2026-09-15aj-review-multiplying-fractions {"code": "unknown_task", "message": "No task \"s_2026-09-15aj-review-multiplying-fractions\" is in this session."}
[08:38:16] SERVE_ERR s_2026-09-15aj-review-number-line-integers {"code": "unknown_task", "message": "No task \"s_2026-09-15aj-review-number-line-integers\" is in this session."}
[08:38:20] SERVE_ERR s_2026-09-15aj-review-opposites-of-integers {"code": "unknown_task", "message": "No task \"s_2026-09-15aj-review-opposites-of-integers\" is in this session."}
[08:38:20] SERVE_ERR s_2026-09-15aj-review-parts-of-an-expression {"code": "unknown_task", "message": "No task \"s_2026-09-15aj-review-parts-of-an-expression\" is in this session."}
[08:38:20] SERVE_ERR s_2026-09-15aj-review-perfect-squares {"code": "unknown_task", "message": "No task \"s_2026-09-15aj-review-perfect-squares\" is in this session."}
[08:38:20] SERVE_ERR s_2026-09-15aj-review-plotting-integers {"code": "unknown_task", "message": "No task \"s_2026-09-15aj-review-plotting-integers\" is in this session."}
[08:38:20] SERVE_ERR s_2026-09-15aj-review-plotting-points {"code": "unknown_task", "message": "No task \"s_2026-09-15aj-review-plotting-points\" is in this session."}
[08:38:46] SERVE_ERR s_2026-09-15aj-review-unit-rates {"code": "unknown_task", "message": "No task \"s_2026-09-15aj-review-unit-rates\" is in this session."}
[08:38:46] SERVE_ERR s_2026-09-15aj-review-whole-number-exponents {"code": "unknown_task", "message": "No task \"s_2026-09-15aj-review-whole-number-exponents\" is in this session."}
[08:38:46] SERVE_ERR s_2026-09-15aj-review-adding-subtracting-fractions {"code": "unknown_task", "message": "No task \"s_2026-09-15aj-review-adding-subtracting-fractions\" is in this session."}
[08:38:51] SERVE_ERR s_2026-09-15aj-review-improper-fractions-mixed-numbers {"code": "unknown_task", "message": "No task \"s_2026-09-15aj-review-improper-fractions-mixed-numbers\" is in this session."}
[08:38:51] SERVE_ERR s_2026-09-15aj-review-multi-digit-addition-subtraction {"code": "unknown_task", "message": "No task \"s_2026-09-15aj-review-multi-digit-addition-subtraction\" is in this session."}
[08:38:51] SERVE_ERR s_2026-09-15aj-review-multi-digit-multiplication {"code": "unknown_task", "message": "No task \"s_2026-09-15aj-review-multi-digit-multiplication\" is in this session."}
[08:38:51] SERVE_ERR s_2026-09-15aj-review-order-of-operations {"code": "unknown_task", "message": "No task \"s_2026-09-15aj-review-order-of-operations\" is in this session."}
[08:38:51] SERVE_ERR s_2026-09-15aj-review-square-roots {"code": "unknown_task", "message": "No task \"s_2026-09-15aj-review-square-roots\" is in this session."}
[08:38:51] round [foundations]: ok {'answers': 64, 'tasks_done': 16, 'quizzes': 0, 'injected_wrong': 0, 'mismatches': 0, 'tasks_skipped': 19}
[08:38:51] round [foundations]: empty_plan {'answers': 0, 'tasks_done': 0, 'quizzes': 0, 'injected_wrong': 0, 'mismatches': 0}
[08:38:52] make_due: 283 topics
[08:39:10] SERVE_ERR s_2026-09-15ak-review-absolute-value {"code": "unknown_task", "message": "No task \"s_2026-09-15ak-review-absolute-value\" is in this session."}
[08:39:14] SERVE_ERR s_2026-09-15ak-review-exponent-notation {"code": "unknown_task", "message": "No task \"s_2026-09-15ak-review-exponent-notation\" is in this session."}
[08:39:19] SERVE_ERR s_2026-09-15ak-review-integer-exponents-intro {"code": "unknown_task", "message": "No task \"s_2026-09-15ak-review-integer-exponents-intro\" is in this session."}
[08:39:19] SERVE_ERR s_2026-09-15ak-review-long-division {"code": "unknown_task", "message": "No task \"s_2026-09-15ak-review-long-division\" is in this session."}
[08:39:19] SERVE_ERR s_2026-09-15ak-review-multiplying-by-one-digit {"code": "unknown_task", "message": "No task \"s_2026-09-15ak-review-multiplying-by-one-digit\" is in this session."}
[08:39:19] SERVE_ERR s_2026-09-15ak-review-multiplying-by-powers-of-ten {"code": "unknown_task", "message": "No task \"s_2026-09-15ak-review-multiplying-by-powers-of-ten\" is in this session."}
[08:39:23] SERVE_ERR s_2026-09-15ak-review-number-line-integers {"code": "unknown_task", "message": "No task \"s_2026-09-15ak-review-number-line-integers\" is in this session."}
[08:39:23] SERVE_ERR s_2026-09-15ak-review-opposites-of-integers {"code": "unknown_task", "message": "No task \"s_2026-09-15ak-review-opposites-of-integers\" is in this session."}
[08:39:23] SERVE_ERR s_2026-09-15ak-review-parts-of-an-expression {"code": "unknown_task", "message": "No task \"s_2026-09-15ak-review-parts-of-an-expression\" is in this session."}
[08:39:23] SERVE_ERR s_2026-09-15ak-review-perfect-squares {"code": "unknown_task", "message": "No task \"s_2026-09-15ak-review-perfect-squares\" is in this session."}
[08:39:23] SERVE_ERR s_2026-09-15ak-review-plotting-integers {"code": "unknown_task", "message": "No task \"s_2026-09-15ak-review-plotting-integers\" is in this session."}
[08:39:32] SERVE_ERR s_2026-09-15ak-review-substituting-values {"code": "unknown_task", "message": "No task \"s_2026-09-15ak-review-substituting-values\" is in this session."}
[08:39:36] SERVE_ERR s_2026-09-15ak-review-whole-number-exponents {"code": "unknown_task", "message": "No task \"s_2026-09-15ak-review-whole-number-exponents\" is in this session."}
[08:39:37] SERVE_ERR s_2026-09-15ak-review-adding-subtracting-fractions {"code": "unknown_task", "message": "No task \"s_2026-09-15ak-review-adding-subtracting-fractions\" is in this session."}
[08:39:37] SERVE_ERR s_2026-09-15ak-review-evaluating-functions {"code": "unknown_task", "message": "No task \"s_2026-09-15ak-review-evaluating-functions\" is in this session."}
[08:39:37] SERVE_ERR s_2026-09-15ak-review-improper-fractions-mixed-numbers {"code": "unknown_task", "message": "No task \"s_2026-09-15ak-review-improper-fractions-mixed-numbers\" is in this session."}
[08:39:37] SERVE_ERR s_2026-09-15ak-review-integer-addition-subtraction {"code": "unknown_task", "message": "No task \"s_2026-09-15ak-review-integer-addition-subtraction\" is in this session."}
[08:39:37] SERVE_ERR s_2026-09-15ak-review-multiplication-division-word-problems {"code": "unknown_task", "message": "No task \"s_2026-09-15ak-review-multiplication-division-word-problems\" is in this session."}
[08:39:37] SERVE_ERR s_2026-09-15ak-review-rounding-decimals {"code": "unknown_task", "message": "No task \"s_2026-09-15ak-review-rounding-decimals\" is in this session."}
[08:39:37] SERVE_ERR s_2026-09-15ak-review-rounding-whole-numbers {"code": "unknown_task", "message": "No task \"s_2026-09-15ak-review-rounding-whole-numbers\" is in this session."}
[08:39:37] SERVE_ERR s_2026-09-15ak-review-square-roots {"code": "unknown_task", "message": "No task \"s_2026-09-15ak-review-square-roots\" is in this session."}
[08:39:37] round [foundations]: ok {'answers': 40, 'tasks_done': 10, 'quizzes': 0, 'injected_wrong': 0, 'mismatches': 0, 'tasks_skipped': 21}
[08:39:37] round [foundations]: empty_plan {'answers': 0, 'tasks_done': 0, 'quizzes': 0, 'injected_wrong': 0, 'mismatches': 0}
[08:39:38] make_due: 283 topics
[08:39:52] SERVE_ERR s_2026-09-15al-review-absolute-value {"code": "unknown_task", "message": "No task \"s_2026-09-15al-review-absolute-value\" is in this session."}
[08:40:05] SERVE_ERR s_2026-09-15al-review-long-division {"code": "unknown_task", "message": "No task \"s_2026-09-15al-review-long-division\" is in this session."}
[08:40:05] SERVE_ERR s_2026-09-15al-review-multiplying-by-one-digit {"code": "unknown_task", "message": "No task \"s_2026-09-15al-review-multiplying-by-one-digit\" is in this session."}
[08:40:05] SERVE_ERR s_2026-09-15al-review-multiplying-by-powers-of-ten {"code": "unknown_task", "message": "No task \"s_2026-09-15al-review-multiplying-by-powers-of-ten\" is in this session."}
[08:40:05] SERVE_ERR s_2026-09-15al-review-opposites-of-integers {"code": "unknown_task", "message": "No task \"s_2026-09-15al-review-opposites-of-integers\" is in this session."}
[08:40:09] SERVE_ERR s_2026-09-15al-review-perfect-squares {"code": "unknown_task", "message": "No task \"s_2026-09-15al-review-perfect-squares\" is in this session."}
[08:40:09] SERVE_ERR s_2026-09-15al-review-plotting-integers {"code": "unknown_task", "message": "No task \"s_2026-09-15al-review-plotting-integers\" is in this session."}
[08:40:22] SERVE_ERR s_2026-09-15al-review-whole-number-exponents {"code": "unknown_task", "message": "No task \"s_2026-09-15al-review-whole-number-exponents\" is in this session."}
[08:40:27] SERVE_ERR s_2026-09-15al-review-evaluating-functions {"code": "unknown_task", "message": "No task \"s_2026-09-15al-review-evaluating-functions\" is in this session."}
[08:40:31] SERVE_ERR s_2026-09-15al-review-improper-fractions-mixed-numbers {"code": "unknown_task", "message": "No task \"s_2026-09-15al-review-improper-fractions-mixed-numbers\" is in this session."}
[08:40:31] SERVE_ERR s_2026-09-15al-review-multiplication-division-word-problems {"code": "unknown_task", "message": "No task \"s_2026-09-15al-review-multiplication-division-word-problems\" is in this session."}
[08:40:31] SERVE_ERR s_2026-09-15al-review-square-roots {"code": "unknown_task", "message": "No task \"s_2026-09-15al-review-square-roots\" is in this session."}
[08:40:31] round [foundations]: ok {'answers': 48, 'tasks_done': 12, 'quizzes': 0, 'injected_wrong': 0, 'mismatches': 0, 'tasks_skipped': 12}
[08:40:40] round [foundations]: ok {'answers': 8, 'tasks_done': 0, 'quizzes': 1, 'injected_wrong': 0, 'mismatches': 0}
[08:40:41] round [foundations]: empty_plan {'answers': 0, 'tasks_done': 0, 'quizzes': 0, 'injected_wrong': 0, 'mismatches': 0}
[08:40:41] make_due: 283 topics
[08:41:08] SERVE_ERR s_2026-09-15an-review-horizontal-vertical-slopes {"code": "unknown_task", "message": "No task \"s_2026-09-15an-review-horizontal-vertical-slopes\" is in this session."}
[08:41:08] SERVE_ERR s_2026-09-15an-review-long-division {"code": "unknown_task", "message": "No task \"s_2026-09-15an-review-long-division\" is in this session."}
[08:41:08] SERVE_ERR s_2026-09-15an-review-number-line-integers {"code": "unknown_task", "message": "No task \"s_2026-09-15an-review-number-line-integers\" is in this session."}
[08:41:08] SERVE_ERR s_2026-09-15an-review-opposites-of-integers {"code": "unknown_task", "message": "No task \"s_2026-09-15an-review-opposites-of-integers\" is in this session."}
[08:41:08] SERVE_ERR s_2026-09-15an-review-perfect-squares {"code": "unknown_task", "message": "No task \"s_2026-09-15an-review-perfect-squares\" is in this session."}
[08:41:08] SERVE_ERR s_2026-09-15an-review-plotting-integers {"code": "unknown_task", "message": "No task \"s_2026-09-15an-review-plotting-integers\" is in this session."}
[08:41:08] SERVE_ERR s_2026-09-15an-review-plotting-points {"code": "unknown_task", "message": "No task \"s_2026-09-15an-review-plotting-points\" is in this session."}
[08:41:08] SERVE_ERR s_2026-09-15an-review-reading-slope-intercept-equations {"code": "unknown_task", "message": "No task \"s_2026-09-15an-review-reading-slope-intercept-equations\" is in this session."}
[08:41:09] SERVE_ERR s_2026-09-15an-review-slope {"code": "unknown_task", "message": "No task \"s_2026-09-15an-review-slope\" is in this session."}
[08:41:09] SERVE_ERR s_2026-09-15an-review-slope-intercept-form {"code": "unknown_task", "message": "No task \"s_2026-09-15an-review-slope-intercept-form\" is in this session."}
[08:41:09] SERVE_ERR s_2026-09-15an-review-solutions-of-two-variable-equations {"code": "unknown_task", "message": "No task \"s_2026-09-15an-review-solutions-of-two-variable-equations\" is in this session."}
[08:41:09] SERVE_ERR s_2026-09-15an-review-substituting-values {"code": "unknown_task", "message": "No task \"s_2026-09-15an-review-substituting-values\" is in this session."}
[08:41:09] SERVE_ERR s_2026-09-15an-review-whole-number-exponents {"code": "unknown_task", "message": "No task \"s_2026-09-15an-review-whole-number-exponents\" is in this session."}
[08:41:09] SERVE_ERR s_2026-09-15an-review-x-y-intercepts {"code": "unknown_task", "message": "No task \"s_2026-09-15an-review-x-y-intercepts\" is in this session."}
[08:41:09] SERVE_ERR s_2026-09-15an-review-adding-polynomials {"code": "unknown_task", "message": "No task \"s_2026-09-15an-review-adding-polynomials\" is in this session."}
[08:41:09] SERVE_ERR s_2026-09-15an-review-evaluating-functions {"code": "unknown_task", "message": "No task \"s_2026-09-15an-review-evaluating-functions\" is in this session."}
[08:41:09] SERVE_ERR s_2026-09-15an-review-improper-fractions-mixed-numbers {"code": "unknown_task", "message": "No task \"s_2026-09-15an-review-improper-fractions-mixed-numbers\" is in this session."}
[08:41:09] SERVE_ERR s_2026-09-15an-review-multiplication-division-word-problems {"code": "unknown_task", "message": "No task \"s_2026-09-15an-review-multiplication-division-word-problems\" is in this session."}
[08:41:13] round [foundations]: ok {'answers': 28, 'tasks_done': 7, 'quizzes': 0, 'injected_wrong': 0, 'mismatches': 0, 'tasks_skipped': 18}
[08:41:14] round [foundations]: empty_plan {'answers': 0, 'tasks_done': 0, 'quizzes': 0, 'injected_wrong': 0, 'mismatches': 0}
[08:41:14] make_due: 283 topics
[08:41:32] SERVE_ERR s_2026-09-15ao-review-addition-subtraction-equations {"code": "unknown_task", "message": "No task \"s_2026-09-15ao-review-addition-subtraction-equations\" is in this session."}
[08:41:33] SERVE_ERR s_2026-09-15ao-review-division-facts {"code": "unknown_task", "message": "No task \"s_2026-09-15ao-review-division-facts\" is in this session."}
[08:41:46] SERVE_ERR s_2026-09-15ao-review-long-division {"code": "unknown_task", "message": "No task \"s_2026-09-15ao-review-long-division\" is in this session."}
[08:41:46] SERVE_ERR s_2026-09-15ao-review-multiplying-by-one-digit {"code": "unknown_task", "message": "No task \"s_2026-09-15ao-review-multiplying-by-one-digit\" is in this session."}
[08:41:50] SERVE_ERR s_2026-09-15ao-review-opposites-of-integers {"code": "unknown_task", "message": "No task \"s_2026-09-15ao-review-opposites-of-integers\" is in this session."}
[08:41:54] SERVE_ERR s_2026-09-15ao-review-perfect-squares {"code": "unknown_task", "message": "No task \"s_2026-09-15ao-review-perfect-squares\" is in this session."}
[08:41:54] SERVE_ERR s_2026-09-15ao-review-plotting-integers {"code": "unknown_task", "message": "No task \"s_2026-09-15ao-review-plotting-integers\" is in this session."}
[08:42:03] SERVE_ERR s_2026-09-15ao-review-slope {"code": "unknown_task", "message": "No task \"s_2026-09-15ao-review-slope\" is in this session."}
[08:42:03] SERVE_ERR s_2026-09-15ao-review-slope-from-a-graph {"code": "unknown_task", "message": "No task \"s_2026-09-15ao-review-slope-from-a-graph\" is in this session."}
[08:42:03] SERVE_ERR s_2026-09-15ao-review-slope-from-two-points {"code": "unknown_task", "message": "No task \"s_2026-09-15ao-review-slope-from-two-points\" is in this session."}
[08:42:07] SERVE_ERR s_2026-09-15ao-review-solutions-of-two-variable-equations {"code": "unknown_task", "message": "No task \"s_2026-09-15ao-review-solutions-of-two-variable-equations\" is in this session."}
[08:42:12] SERVE_ERR s_2026-09-15ao-review-adding-polynomials {"code": "unknown_task", "message": "No task \"s_2026-09-15ao-review-adding-polynomials\" is in this session."}
[08:42:12] SERVE_ERR s_2026-09-15ao-review-decimal-place-value {"code": "unknown_task", "message": "No task \"s_2026-09-15ao-review-decimal-place-value\" is in this session."}
[08:42:12] SERVE_ERR s_2026-09-15ao-review-evaluating-expressions {"code": "unknown_task", "message": "No task \"s_2026-09-15ao-review-evaluating-expressions\" is in this session."}
[08:42:12] SERVE_ERR s_2026-09-15ao-review-improper-fractions-mixed-numbers {"code": "unknown_task", "message": "No task \"s_2026-09-15ao-review-improper-fractions-mixed-numbers\" is in this session."}
[08:42:12] SERVE_ERR s_2026-09-15ao-review-integer-multiplication-division {"code": "unknown_task", "message": "No task \"s_2026-09-15ao-review-integer-multiplication-division\" is in this session."}
[08:42:12] SERVE_ERR s_2026-09-15ao-review-multiplication-division-word-problems {"code": "unknown_task", "message": "No task \"s_2026-09-15ao-review-multiplication-division-word-problems\" is in this session."}
[08:42:12] round [foundations]: ok {'answers': 52, 'tasks_done': 13, 'quizzes': 0, 'injected_wrong': 0, 'mismatches': 0, 'tasks_skipped': 17}
[08:42:12] round [foundations]: empty_plan {'answers': 0, 'tasks_done': 0, 'quizzes': 0, 'injected_wrong': 0, 'mismatches': 0}
[08:42:13] make_due: 283 topics
[08:42:23] SERVE_ERR s_2026-09-15ap-review-division-with-remainders {"code": "unknown_task", "message": "No task \"s_2026-09-15ap-review-division-with-remainders\" is in this session."}
[08:42:23] SERVE_ERR s_2026-09-15ap-review-greatest-common-factor {"code": "unknown_task", "message": "No task \"s_2026-09-15ap-review-greatest-common-factor\" is in this session."}
[08:42:36] SERVE_ERR s_2026-09-15ap-review-checking-a-solution {"code": "unknown_task", "message": "No task \"s_2026-09-15ap-review-checking-a-solution\" is in this session."}
[08:42:40] SERVE_ERR s_2026-09-15ap-review-fraction-of-a-number {"code": "unknown_task", "message": "No task \"s_2026-09-15ap-review-fraction-of-a-number\" is in this session."}
[08:42:44] SERVE_ERR s_2026-09-15ap-review-least-common-multiple {"code": "unknown_task", "message": "No task \"s_2026-09-15ap-review-least-common-multiple\" is in this session."}
[08:42:49] SERVE_ERR s_2026-09-15ap-review-multiplying-by-one-digit {"code": "unknown_task", "message": "No task \"s_2026-09-15ap-review-multiplying-by-one-digit\" is in this session."}
[08:42:49] SERVE_ERR s_2026-09-15ap-review-multiplying-by-powers-of-ten {"code": "unknown_task", "message": "No task \"s_2026-09-15ap-review-multiplying-by-powers-of-ten\" is in this session."}
[08:42:49] SERVE_ERR s_2026-09-15ap-review-number-line-integers {"code": "unknown_task", "message": "No task \"s_2026-09-15ap-review-number-line-integers\" is in this session."}
[08:42:49] SERVE_ERR s_2026-09-15ap-review-opposites-of-integers {"code": "unknown_task", "message": "No task \"s_2026-09-15ap-review-opposites-of-integers\" is in this session."}
[08:42:53] SERVE_ERR s_2026-09-15ap-review-plotting-integers {"code": "unknown_task", "message": "No task \"s_2026-09-15ap-review-plotting-integers\" is in this session."}
[08:42:53] SERVE_ERR s_2026-09-15ap-review-plotting-points {"code": "unknown_task", "message": "No task \"s_2026-09-15ap-review-plotting-points\" is in this session."}
[08:42:58] SERVE_ERR s_2026-09-15ap-review-slope-from-a-graph {"code": "unknown_task", "message": "No task \"s_2026-09-15ap-review-slope-from-a-graph\" is in this session."}
[08:42:58] SERVE_ERR s_2026-09-15ap-review-slope-from-two-points {"code": "unknown_task", "message": "No task \"s_2026-09-15ap-review-slope-from-two-points\" is in this session."}
[08:42:58] SERVE_ERR s_2026-09-15ap-review-substituting-values {"code": "unknown_task", "message": "No task \"s_2026-09-15ap-review-substituting-values\" is in this session."}
[08:42:58] SERVE_ERR s_2026-09-15ap-review-whole-number-exponents {"code": "unknown_task", "message": "No task \"s_2026-09-15ap-review-whole-number-exponents\" is in this session."}
[08:43:02] SERVE_ERR s_2026-09-15ap-review-comparing-ordering-fractions {"code": "unknown_task", "message": "No task \"s_2026-09-15ap-review-comparing-ordering-fractions\" is in this session."}
[08:43:02] SERVE_ERR s_2026-09-15ap-review-evaluating-functions {"code": "unknown_task", "message": "No task \"s_2026-09-15ap-review-evaluating-functions\" is in this session."}
[08:43:02] SERVE_ERR s_2026-09-15ap-review-integer-multiplication-division {"code": "unknown_task", "message": "No task \"s_2026-09-15ap-review-integer-multiplication-division\" is in this session."}
[08:43:03] SERVE_ERR s_2026-09-15ap-review-multiplication-division-word-problems {"code": "unknown_task", "message": "No task \"s_2026-09-15ap-review-multiplication-division-word-problems\" is in this session."}
[08:43:03] SERVE_ERR s_2026-09-15ap-review-order-of-operations {"code": "unknown_task", "message": "No task \"s_2026-09-15ap-review-order-of-operations\" is in this session."}
[08:43:03] SERVE_ERR s_2026-09-15ap-review-rounding-decimals {"code": "unknown_task", "message": "No task \"s_2026-09-15ap-review-rounding-decimals\" is in this session."}
[08:43:03] SERVE_ERR s_2026-09-15ap-review-rounding-whole-numbers {"code": "unknown_task", "message": "No task \"s_2026-09-15ap-review-rounding-whole-numbers\" is in this session."}
[08:43:03] round [foundations]: ok {'answers': 44, 'tasks_done': 11, 'quizzes': 0, 'injected_wrong': 0, 'mismatches': 0, 'tasks_skipped': 22}
[08:43:03] round [foundations]: empty_plan {'answers': 0, 'tasks_done': 0, 'quizzes': 0, 'injected_wrong': 0, 'mismatches': 0}
[08:43:04] make_due: 283 topics
[08:43:13] SERVE_ERR s_2026-09-15aq-review-greatest-common-factor {"code": "unknown_task", "message": "No task \"s_2026-09-15aq-review-greatest-common-factor\" is in this session."}
[08:43:26] SERVE_ERR s_2026-09-15aq-review-checking-a-solution {"code": "unknown_task", "message": "No task \"s_2026-09-15aq-review-checking-a-solution\" is in this session."}
[08:43:31] SERVE_ERR s_2026-09-15aq-review-fraction-of-a-number {"code": "unknown_task", "message": "No task \"s_2026-09-15aq-review-fraction-of-a-number\" is in this session."}
[08:43:39] SERVE_ERR s_2026-09-15aq-review-least-common-multiple {"code": "unknown_task", "message": "No task \"s_2026-09-15aq-review-least-common-multiple\" is in this session."}
[08:43:39] SERVE_ERR s_2026-09-15aq-review-multiplying-by-powers-of-ten {"code": "unknown_task", "message": "No task \"s_2026-09-15aq-review-multiplying-by-powers-of-ten\" is in this session."}
[08:43:44] SERVE_ERR s_2026-09-15aq-review-opposites-of-integers {"code": "unknown_task", "message": "No task \"s_2026-09-15aq-review-opposites-of-integers\" is in this session."}
[08:43:48] SERVE_ERR s_2026-09-15aq-review-plotting-integers {"code": "unknown_task", "message": "No task \"s_2026-09-15aq-review-plotting-integers\" is in this session."}
[08:43:48] SERVE_ERR s_2026-09-15aq-review-plotting-points {"code": "unknown_task", "message": "No task \"s_2026-09-15aq-review-plotting-points\" is in this session."}
[08:43:53] SERVE_ERR s_2026-09-15aq-review-signed-decimal-operations {"code": "unknown_task", "message": "No task \"s_2026-09-15aq-review-signed-decimal-operations\" is in this session."}
[08:43:53] SERVE_ERR s_2026-09-15aq-review-slope-from-a-graph {"code": "unknown_task", "message": "No task \"s_2026-09-15aq-review-slope-from-a-graph\" is in this session."}
[08:43:53] SERVE_ERR s_2026-09-15aq-review-substituting-values {"code": "unknown_task", "message": "No task \"s_2026-09-15aq-review-substituting-values\" is in this session."}
[08:43:53] SERVE_ERR s_2026-09-15aq-review-whole-number-exponents {"code": "unknown_task", "message": "No task \"s_2026-09-15aq-review-whole-number-exponents\" is in this session."}
[08:43:53] SERVE_ERR s_2026-09-15aq-review-decimal-addition-subtraction {"code": "unknown_task", "message": "No task \"s_2026-09-15aq-review-decimal-addition-subtraction\" is in this session."}
[08:43:53] SERVE_ERR s_2026-09-15aq-review-evaluating-functions {"code": "unknown_task", "message": "No task \"s_2026-09-15aq-review-evaluating-functions\" is in this session."}
[08:43:53] SERVE_ERR s_2026-09-15aq-review-multi-digit-addition-subtraction {"code": "unknown_task", "message": "No task \"s_2026-09-15aq-review-multi-digit-addition-subtraction\" is in this session."}
[08:43:53] SERVE_ERR s_2026-09-15aq-review-rounding-whole-numbers {"code": "unknown_task", "message": "No task \"s_2026-09-15aq-review-rounding-whole-numbers\" is in this session."}
[08:43:53] round [foundations]: ok {'answers': 44, 'tasks_done': 11, 'quizzes': 0, 'injected_wrong': 0, 'mismatches': 0, 'tasks_skipped': 16}
[08:44:02] round [foundations]: ok {'answers': 8, 'tasks_done': 0, 'quizzes': 1, 'injected_wrong': 0, 'mismatches': 0}
[08:44:02] round [foundations]: empty_plan {'answers': 0, 'tasks_done': 0, 'quizzes': 0, 'injected_wrong': 0, 'mismatches': 0}
[08:44:03] make_due: 283 topics
[08:44:08] SERVE_ERR s_2026-09-15as-review-decimal-addition-subtraction {"code": "unknown_task", "message": "No task \"s_2026-09-15as-review-decimal-addition-subtraction\" is in this session."}
[08:44:30] SERVE_ERR s_2026-09-15as-review-addition-subtraction-equations {"code": "unknown_task", "message": "No task \"s_2026-09-15as-review-addition-subtraction-equations\" is in this session."}
[08:44:43] SERVE_ERR s_2026-09-15as-review-coordinate-plane {"code": "unknown_task", "message": "No task \"s_2026-09-15as-review-coordinate-plane\" is in this session."}
[08:44:56] SERVE_ERR s_2026-09-15as-review-evaluating-exponential-functions {"code": "unknown_task", "message": "No task \"s_2026-09-15as-review-evaluating-exponential-functions\" is in this session."}
[08:44:56] SERVE_ERR s_2026-09-15as-review-fraction-of-a-number {"code": "unknown_task", "message": "No task \"s_2026-09-15as-review-fraction-of-a-number\" is in this session."}
[08:45:00] SERVE_ERR s_2026-09-15as-review-least-common-multiple {"code": "unknown_task", "message": "No task \"s_2026-09-15as-review-least-common-multiple\" is in this session."}
[08:45:05] SERVE_ERR s_2026-09-15as-review-long-division {"code": "unknown_task", "message": "No task \"s_2026-09-15as-review-long-division\" is in this session."}
[08:45:05] SERVE_ERR s_2026-09-15as-review-multi-step-equations {"code": "unknown_task", "message": "No task \"s_2026-09-15as-review-multi-step-equations\" is in this session."}
[08:45:05] SERVE_ERR s_2026-09-15as-review-negative-zero-exponents {"code": "unknown_task", "message": "No task \"s_2026-09-15as-review-negative-zero-exponents\" is in this session."}
[08:45:05] SERVE_ERR s_2026-09-15as-review-one-step-inequalities {"code": "unknown_task", "message": "No task \"s_2026-09-15as-review-one-step-inequalities\" is in this session."}
[08:45:05] SERVE_ERR s_2026-09-15as-review-opposites-of-integers {"code": "unknown_task", "message": "No task \"s_2026-09-15as-review-opposites-of-integers\" is in this session."}
[08:45:05] SERVE_ERR s_2026-09-15as-review-perfect-squares {"code": "unknown_task", "message": "No task \"s_2026-09-15as-review-perfect-squares\" is in this session."}
[08:45:05] SERVE_ERR s_2026-09-15as-review-plotting-integers {"code": "unknown_task", "message": "No task \"s_2026-09-15as-review-plotting-integers\" is in this session."}
[08:45:05] SERVE_ERR s_2026-09-15as-review-plotting-points {"code": "unknown_task", "message": "No task \"s_2026-09-15as-review-plotting-points\" is in this session."}
[08:45:05] SERVE_ERR s_2026-09-15as-review-power-of-a-power-rule {"code": "unknown_task", "message": "No task \"s_2026-09-15as-review-power-of-a-power-rule\" is in this session."}
[08:45:05] SERVE_ERR s_2026-09-15as-review-power-rule-exponents {"code": "unknown_task", "message": "No task \"s_2026-09-15as-review-power-rule-exponents\" is in this session."}
[08:45:14] SERVE_ERR s_2026-09-15as-review-solutions-of-inequalities {"code": "unknown_task", "message": "No task \"s_2026-09-15as-review-solutions-of-inequalities\" is in this session."}
[08:45:14] SERVE_ERR s_2026-09-15as-review-solutions-of-two-variable-equations {"code": "unknown_task", "message": "No task \"s_2026-09-15as-review-solutions-of-two-variable-equations\" is in this session."}
[08:45:14] SERVE_ERR s_2026-09-15as-review-substitution-with-isolated-variable {"code": "unknown_task", "message": "No task \"s_2026-09-15as-review-substitution-with-isolated-variable\" is in this session."}
[08:45:14] SERVE_ERR s_2026-09-15as-review-subtraction-with-borrowing {"code": "unknown_task", "message": "No task \"s_2026-09-15as-review-subtraction-with-borrowing\" is in this session."}
[08:45:23] SERVE_ERR s_2026-09-15as-review-two-step-inequalities {"code": "unknown_task", "message": "No task \"s_2026-09-15as-review-two-step-inequalities\" is in this session."}
[08:45:23] SERVE_ERR s_2026-09-15as-review-variables-both-sides {"code": "unknown_task", "message": "No task \"s_2026-09-15as-review-variables-both-sides\" is in this session."}
[08:45:23] SERVE_ERR s_2026-09-15as-review-whole-number-exponents {"code": "unknown_task", "message": "No task \"s_2026-09-15as-review-whole-number-exponents\" is in this session."}
[08:45:23] SERVE_ERR s_2026-09-15as-review-zero-exponent-rule {"code": "unknown_task", "message": "No task \"s_2026-09-15as-review-zero-exponent-rule\" is in this session."}
[08:45:23] SERVE_ERR s_2026-09-15as-review-adding-subtracting-fractions {"code": "unknown_task", "message": "No task \"s_2026-09-15as-review-adding-subtracting-fractions\" is in this session."}
[08:45:23] SERVE_ERR s_2026-09-15as-review-multiplication-division-word-problems {"code": "unknown_task", "message": "No task \"s_2026-09-15as-review-multiplication-division-word-problems\" is in this session."}
[08:45:23] SERVE_ERR s_2026-09-15as-review-multiplying-monomials-polynomials {"code": "unknown_task", "message": "No task \"s_2026-09-15as-review-multiplying-monomials-polynomials\" is in this session."}
[08:45:23] SERVE_ERR s_2026-09-15as-review-rounding-decimals {"code": "unknown_task", "message": "No task \"s_2026-09-15as-review-rounding-decimals\" is in this session."}
[08:45:23] round [foundations]: ok {'answers': 72, 'tasks_done': 18, 'quizzes': 0, 'injected_wrong': 0, 'mismatches': 0, 'tasks_skipped': 28}
[08:45:24] round [foundations]: empty_plan {'answers': 0, 'tasks_done': 0, 'quizzes': 0, 'injected_wrong': 0, 'mismatches': 0}
[08:45:24] make_due: 283 topics
[08:45:34] SERVE_ERR s_2026-09-15at-review-absolute-value {"code": "unknown_task", "message": "No task \"s_2026-09-15at-review-absolute-value\" is in this session."}
[08:45:43] SERVE_ERR s_2026-09-15at-review-exponent-notation {"code": "unknown_task", "message": "No task \"s_2026-09-15at-review-exponent-notation\" is in this session."}
[08:45:43] SERVE_ERR s_2026-09-15at-review-fraction-of-a-number {"code": "unknown_task", "message": "No task \"s_2026-09-15at-review-fraction-of-a-number\" is in this session."}
[08:45:51] SERVE_ERR s_2026-09-15at-review-long-division {"code": "unknown_task", "message": "No task \"s_2026-09-15at-review-long-division\" is in this session."}
[08:45:51] SERVE_ERR s_2026-09-15at-review-multiplying-by-powers-of-ten {"code": "unknown_task", "message": "No task \"s_2026-09-15at-review-multiplying-by-powers-of-ten\" is in this session."}
[08:45:51] SERVE_ERR s_2026-09-15at-review-negative-zero-exponents {"code": "unknown_task", "message": "No task \"s_2026-09-15at-review-negative-zero-exponents\" is in this session."}
[08:45:51] SERVE_ERR s_2026-09-15at-review-number-line-integers {"code": "unknown_task", "message": "No task \"s_2026-09-15at-review-number-line-integers\" is in this session."}
[08:45:56] SERVE_ERR s_2026-09-15at-review-opposites-of-integers {"code": "unknown_task", "message": "No task \"s_2026-09-15at-review-opposites-of-integers\" is in this session."}
[08:46:00] SERVE_ERR s_2026-09-15at-review-perfect-squares {"code": "unknown_task", "message": "No task \"s_2026-09-15at-review-perfect-squares\" is in this session."}
[08:46:00] SERVE_ERR s_2026-09-15at-review-plotting-integers {"code": "unknown_task", "message": "No task \"s_2026-09-15at-review-plotting-integers\" is in this session."}
[08:46:00] SERVE_ERR s_2026-09-15at-review-plotting-points {"code": "unknown_task", "message": "No task \"s_2026-09-15at-review-plotting-points\" is in this session."}
[08:46:05] SERVE_ERR s_2026-09-15at-review-power-rule-exponents {"code": "unknown_task", "message": "No task \"s_2026-09-15at-review-power-rule-exponents\" is in this session."}
[08:46:05] SERVE_ERR s_2026-09-15at-review-solutions-of-inequalities {"code": "unknown_task", "message": "No task \"s_2026-09-15at-review-solutions-of-inequalities\" is in this session."}
[08:46:13] SERVE_ERR s_2026-09-15at-review-whole-number-exponents {"code": "unknown_task", "message": "No task \"s_2026-09-15at-review-whole-number-exponents\" is in this session."}
[08:46:14] SERVE_ERR s_2026-09-15at-review-zero-exponent-rule {"code": "unknown_task", "message": "No task \"s_2026-09-15at-review-zero-exponent-rule\" is in this session."}
[08:46:18] SERVE_ERR s_2026-09-15at-review-multi-digit-addition-subtraction {"code": "unknown_task", "message": "No task \"s_2026-09-15at-review-multi-digit-addition-subtraction\" is in this session."}
[08:46:18] SERVE_ERR s_2026-09-15at-review-multi-digit-multiplication {"code": "unknown_task", "message": "No task \"s_2026-09-15at-review-multi-digit-multiplication\" is in this session."}
[08:46:18] SERVE_ERR s_2026-09-15at-review-multiplication-division-word-problems {"code": "unknown_task", "message": "No task \"s_2026-09-15at-review-multiplication-division-word-problems\" is in this session."}
[08:46:22] SERVE_ERR s_2026-09-15at-review-order-of-operations {"code": "unknown_task", "message": "No task \"s_2026-09-15at-review-order-of-operations\" is in this session."}
[08:46:22] SERVE_ERR s_2026-09-15at-review-rounding-whole-numbers {"code": "unknown_task", "message": "No task \"s_2026-09-15at-review-rounding-whole-numbers\" is in this session."}
[08:46:23] SERVE_ERR s_2026-09-15at-review-two-step-equations {"code": "unknown_task", "message": "No task \"s_2026-09-15at-review-two-step-equations\" is in this session."}
[08:46:23] round [foundations]: ok {'answers': 52, 'tasks_done': 13, 'quizzes': 0, 'injected_wrong': 0, 'mismatches': 0, 'tasks_skipped': 21}
[08:46:23] round [foundations]: empty_plan {'answers': 0, 'tasks_done': 0, 'quizzes': 0, 'injected_wrong': 0, 'mismatches': 0}
[08:46:23] make_due: 283 topics
[08:46:29] SERVE_ERR s_2026-09-15au-review-order-of-operations {"code": "unknown_task", "message": "No task \"s_2026-09-15au-review-order-of-operations\" is in this session."}
[08:46:29] SERVE_ERR s_2026-09-15au-review-absolute-value {"code": "unknown_task", "message": "No task \"s_2026-09-15au-review-absolute-value\" is in this session."}
[08:46:29] SERVE_ERR s_2026-09-15au-review-checking-a-solution {"code": "unknown_task", "message": "No task \"s_2026-09-15au-review-checking-a-solution\" is in this session."}
[08:46:29] SERVE_ERR s_2026-09-15au-review-exponent-notation {"code": "unknown_task", "message": "No task \"s_2026-09-15au-review-exponent-notation\" is in this session."}
[08:46:42] SERVE_ERR s_2026-09-15au-review-long-division {"code": "unknown_task", "message": "No task \"s_2026-09-15au-review-long-division\" is in this session."}
[08:46:42] SERVE_ERR s_2026-09-15au-review-multiplying-by-one-digit {"code": "unknown_task", "message": "No task \"s_2026-09-15au-review-multiplying-by-one-digit\" is in this session."}
[08:46:51] SERVE_ERR s_2026-09-15au-review-number-line-integers {"code": "unknown_task", "message": "No task \"s_2026-09-15au-review-number-line-integers\" is in this session."}
[08:46:51] SERVE_ERR s_2026-09-15au-review-opposites-of-integers {"code": "unknown_task", "message": "No task \"s_2026-09-15au-review-opposites-of-integers\" is in this session."}
[08:46:51] SERVE_ERR s_2026-09-15au-review-perfect-squares {"code": "unknown_task", "message": "No task \"s_2026-09-15au-review-perfect-squares\" is in this session."}
[08:46:51] SERVE_ERR s_2026-09-15au-review-plotting-integers {"code": "unknown_task", "message": "No task \"s_2026-09-15au-review-plotting-integers\" is in this session."}
[08:46:51] SERVE_ERR s_2026-09-15au-review-plotting-points {"code": "unknown_task", "message": "No task \"s_2026-09-15au-review-plotting-points\" is in this session."}
[08:46:51] SERVE_ERR s_2026-09-15au-review-power-rule-exponents {"code": "unknown_task", "message": "No task \"s_2026-09-15au-review-power-rule-exponents\" is in this session."}
[08:46:51] SERVE_ERR s_2026-09-15au-review-solutions-of-inequalities {"code": "unknown_task", "message": "No task \"s_2026-09-15au-review-solutions-of-inequalities\" is in this session."}
[08:46:51] SERVE_ERR s_2026-09-15au-review-whole-number-exponents {"code": "unknown_task", "message": "No task \"s_2026-09-15au-review-whole-number-exponents\" is in this session."}
[08:46:51] SERVE_ERR s_2026-09-15au-review-zero-exponent-rule {"code": "unknown_task", "message": "No task \"s_2026-09-15au-review-zero-exponent-rule\" is in this session."}
[08:46:51] SERVE_ERR s_2026-09-15au-review-adding-subtracting-fractions {"code": "unknown_task", "message": "No task \"s_2026-09-15au-review-adding-subtracting-fractions\" is in this session."}
[08:46:51] SERVE_ERR s_2026-09-15au-review-evaluating-expressions {"code": "unknown_task", "message": "No task \"s_2026-09-15au-review-evaluating-expressions\" is in this session."}
[08:46:51] SERVE_ERR s_2026-09-15au-review-improper-fractions-mixed-numbers {"code": "unknown_task", "message": "No task \"s_2026-09-15au-review-improper-fractions-mixed-numbers\" is in this session."}
[08:46:51] SERVE_ERR s_2026-09-15au-review-integer-addition-subtraction {"code": "unknown_task", "message": "No task \"s_2026-09-15au-review-integer-addition-subtraction\" is in this session."}
[08:46:51] SERVE_ERR s_2026-09-15au-review-multiplication-division-word-problems {"code": "unknown_task", "message": "No task \"s_2026-09-15au-review-multiplication-division-word-problems\" is in this session."}
[08:46:51] round [foundations]: ok {'answers': 24, 'tasks_done': 6, 'quizzes': 0, 'injected_wrong': 0, 'mismatches': 0, 'tasks_skipped': 20}
[08:46:52] round [foundations]: empty_plan {'answers': 0, 'tasks_done': 0, 'quizzes': 0, 'injected_wrong': 0, 'mismatches': 0}
[08:46:52] make_due: 283 topics
[08:47:19] SERVE_ERR s_2026-09-15av-review-absolute-value {"code": "unknown_task", "message": "No task \"s_2026-09-15av-review-absolute-value\" is in this session."}
[08:47:23] SERVE_ERR s_2026-09-15av-review-checking-a-solution {"code": "unknown_task", "message": "No task \"s_2026-09-15av-review-checking-a-solution\" is in this session."}
[08:47:28] SERVE_ERR s_2026-09-15av-review-exponent-notation {"code": "unknown_task", "message": "No task \"s_2026-09-15av-review-exponent-notation\" is in this session."}
[08:47:32] SERVE_ERR s_2026-09-15av-review-integer-exponents-intro {"code": "unknown_task", "message": "No task \"s_2026-09-15av-review-integer-exponents-intro\" is in this session."}
[08:47:32] SERVE_ERR s_2026-09-15av-review-long-division {"code": "unknown_task", "message": "No task \"s_2026-09-15av-review-long-division\" is in this session."}
[08:47:32] SERVE_ERR s_2026-09-15av-review-multiplying-by-one-digit {"code": "unknown_task", "message": "No task \"s_2026-09-15av-review-multiplying-by-one-digit\" is in this session."}
[08:47:32] SERVE_ERR s_2026-09-15av-review-number-line-integers {"code": "unknown_task", "message": "No task \"s_2026-09-15av-review-number-line-integers\" is in this session."}
[08:47:32] SERVE_ERR s_2026-09-15av-review-opposites-of-integers {"code": "unknown_task", "message": "No task \"s_2026-09-15av-review-opposites-of-integers\" is in this session."}
[08:47:33] SERVE_ERR s_2026-09-15av-review-perfect-squares {"code": "unknown_task", "message": "No task \"s_2026-09-15av-review-perfect-squares\" is in this session."}
[08:47:33] SERVE_ERR s_2026-09-15av-review-plotting-integers {"code": "unknown_task", "message": "No task \"s_2026-09-15av-review-plotting-integers\" is in this session."}
[08:47:33] SERVE_ERR s_2026-09-15av-review-plotting-points {"code": "unknown_task", "message": "No task \"s_2026-09-15av-review-plotting-points\" is in this session."}
[08:47:41] SERVE_ERR s_2026-09-15av-review-whole-number-exponents {"code": "unknown_task", "message": "No task \"s_2026-09-15av-review-whole-number-exponents\" is in this session."}
[08:47:46] SERVE_ERR s_2026-09-15av-review-adding-subtracting-fractions {"code": "unknown_task", "message": "No task \"s_2026-09-15av-review-adding-subtracting-fractions\" is in this session."}
[08:47:46] SERVE_ERR s_2026-09-15av-review-evaluating-expressions {"code": "unknown_task", "message": "No task \"s_2026-09-15av-review-evaluating-expressions\" is in this session."}
[08:47:46] SERVE_ERR s_2026-09-15av-review-exponent-product-quotient-rules {"code": "unknown_task", "message": "No task \"s_2026-09-15av-review-exponent-product-quotient-rules\" is in this session."}
[08:47:46] SERVE_ERR s_2026-09-15av-review-improper-fractions-mixed-numbers {"code": "unknown_task", "message": "No task \"s_2026-09-15av-review-improper-fractions-mixed-numbers\" is in this session."}
[08:47:46] SERVE_ERR s_2026-09-15av-review-multiplication-division-word-problems {"code": "unknown_task", "message": "No task \"s_2026-09-15av-review-multiplication-division-word-problems\" is in this session."}
[08:47:50] round [foundations]: ok {'answers': 52, 'tasks_done': 13, 'quizzes': 0, 'injected_wrong': 0, 'mismatches': 0, 'tasks_skipped': 17}
[08:48:00] round [foundations]: ok {'answers': 8, 'tasks_done': 0, 'quizzes': 1, 'injected_wrong': 0, 'mismatches': 0}
[08:48:00] round [foundations]: empty_plan {'answers': 0, 'tasks_done': 0, 'quizzes': 0, 'injected_wrong': 0, 'mismatches': 0}
[08:48:00] make_due: 283 topics
[08:48:15] SERVE_ERR s_2026-09-15ax-review-evaluating-expressions {"code": "unknown_task", "message": "No task \"s_2026-09-15ax-review-evaluating-expressions\" is in this session."}
[08:48:23] SERVE_ERR s_2026-09-15ax-review-prime-composite-numbers {"code": "unknown_task", "message": "No task \"s_2026-09-15ax-review-prime-composite-numbers\" is in this session."}
[08:48:28] SERVE_ERR s_2026-09-15ax-review-absolute-value {"code": "unknown_task", "message": "No task \"s_2026-09-15ax-review-absolute-value\" is in this session."}
[08:48:36] SERVE_ERR s_2026-09-15ax-review-divisibility-rules {"code": "unknown_task", "message": "No task \"s_2026-09-15ax-review-divisibility-rules\" is in this session."}
[08:48:36] SERVE_ERR s_2026-09-15ax-review-exponent-notation {"code": "unknown_task", "message": "No task \"s_2026-09-15ax-review-exponent-notation\" is in this session."}
[08:48:41] SERVE_ERR s_2026-09-15ax-review-long-division {"code": "unknown_task", "message": "No task \"s_2026-09-15ax-review-long-division\" is in this session."}
[08:48:45] SERVE_ERR s_2026-09-15ax-review-opposites-of-integers {"code": "unknown_task", "message": "No task \"s_2026-09-15ax-review-opposites-of-integers\" is in this session."}
[08:48:45] SERVE_ERR s_2026-09-15ax-review-parts-of-an-expression {"code": "unknown_task", "message": "No task \"s_2026-09-15ax-review-parts-of-an-expression\" is in this session."}
[08:48:50] SERVE_ERR s_2026-09-15ax-review-perfect-squares {"code": "unknown_task", "message": "No task \"s_2026-09-15ax-review-perfect-squares\" is in this session."}
[08:48:50] SERVE_ERR s_2026-09-15ax-review-plotting-integers {"code": "unknown_task", "message": "No task \"s_2026-09-15ax-review-plotting-integers\" is in this session."}
[08:48:50] SERVE_ERR s_2026-09-15ax-review-plotting-points {"code": "unknown_task", "message": "No task \"s_2026-09-15ax-review-plotting-points\" is in this session."}
[08:48:50] SERVE_ERR s_2026-09-15ax-review-polynomial-addition-subtraction {"code": "unknown_task", "message": "No task \"s_2026-09-15ax-review-polynomial-addition-subtraction\" is in this session."}
[08:48:50] SERVE_ERR s_2026-09-15ax-review-polynomial-multiplication {"code": "unknown_task", "message": "No task \"s_2026-09-15ax-review-polynomial-multiplication\" is in this session."}
[08:48:50] SERVE_ERR s_2026-09-15ax-review-prime-factorization {"code": "unknown_task", "message": "No task \"s_2026-09-15ax-review-prime-factorization\" is in this session."}
[08:48:59] SERVE_ERR s_2026-09-15ax-review-simplifying-radicals {"code": "unknown_task", "message": "No task \"s_2026-09-15ax-review-simplifying-radicals\" is in this session."}
[08:48:59] SERVE_ERR s_2026-09-15ax-review-solving-right-triangles-sides {"code": "unknown_task", "message": "No task \"s_2026-09-15ax-review-solving-right-triangles-sides\" is in this session."}
[08:48:59] SERVE_ERR s_2026-09-15ax-review-special-products {"code": "unknown_task", "message": "No task \"s_2026-09-15ax-review-special-products\" is in this session."}
[08:49:03] SERVE_ERR s_2026-09-15ax-review-unit-rates {"code": "unknown_task", "message": "No task \"s_2026-09-15ax-review-unit-rates\" is in this session."}
[08:49:03] SERVE_ERR s_2026-09-15ax-review-whole-number-exponents {"code": "unknown_task", "message": "No task \"s_2026-09-15ax-review-whole-number-exponents\" is in this session."}
[08:49:03] SERVE_ERR s_2026-09-15ax-review-adding-subtracting-fractions {"code": "unknown_task", "message": "No task \"s_2026-09-15ax-review-adding-subtracting-fractions\" is in this session."}
[08:49:04] SERVE_ERR s_2026-09-15ax-review-factoring-gcf {"code": "unknown_task", "message": "No task \"s_2026-09-15ax-review-factoring-gcf\" is in this session."}
[08:49:04] SERVE_ERR s_2026-09-15ax-review-factoring-trinomials {"code": "unknown_task", "message": "No task \"s_2026-09-15ax-review-factoring-trinomials\" is in this session."}
[08:49:04] SERVE_ERR s_2026-09-15ax-review-improper-fractions-mixed-numbers {"code": "unknown_task", "message": "No task \"s_2026-09-15ax-review-improper-fractions-mixed-numbers\" is in this session."}
[08:49:04] SERVE_ERR s_2026-09-15ax-review-multiplication-division-word-problems {"code": "unknown_task", "message": "No task \"s_2026-09-15ax-review-multiplication-division-word-problems\" is in this session."}
[08:49:04] SERVE_ERR s_2026-09-15ax-review-rounding-decimals {"code": "unknown_task", "message": "No task \"s_2026-09-15ax-review-rounding-decimals\" is in this session."}
[08:49:04] round [foundations]: ok {'answers': 56, 'tasks_done': 14, 'quizzes': 0, 'injected_wrong': 0, 'mismatches': 0, 'tasks_skipped': 25}
[08:49:04] round [foundations]: empty_plan {'answers': 0, 'tasks_done': 0, 'quizzes': 0, 'injected_wrong': 0, 'mismatches': 0}
[08:49:05] make_due: 283 topics
[08:49:10] SERVE_ERR s_2026-09-15ay-review-fraction-of-a-number {"code": "unknown_task", "message": "No task \"s_2026-09-15ay-review-fraction-of-a-number\" is in this session."}
[08:49:32] SERVE_ERR s_2026-09-15ay-review-divisibility-rules {"code": "unknown_task", "message": "No task \"s_2026-09-15ay-review-divisibility-rules\" is in this session."}
[08:49:32] SERVE_ERR s_2026-09-15ay-review-exponent-notation {"code": "unknown_task", "message": "No task \"s_2026-09-15ay-review-exponent-notation\" is in this session."}
[08:49:37] SERVE_ERR s_2026-09-15ay-review-integer-exponents-intro {"code": "unknown_task", "message": "No task \"s_2026-09-15ay-review-integer-exponents-intro\" is in this session."}
[08:49:41] SERVE_ERR s_2026-09-15ay-review-multiplying-by-one-digit {"code": "unknown_task", "message": "No task \"s_2026-09-15ay-review-multiplying-by-one-digit\" is in this session."}
[08:49:41] SERVE_ERR s_2026-09-15ay-review-multiplying-by-powers-of-ten {"code": "unknown_task", "message": "No task \"s_2026-09-15ay-review-multiplying-by-powers-of-ten\" is in this session."}
[08:49:41] SERVE_ERR s_2026-09-15ay-review-number-line-integers {"code": "unknown_task", "message": "No task \"s_2026-09-15ay-review-number-line-integers\" is in this session."}
[08:49:46] SERVE_ERR s_2026-09-15ay-review-opposites-of-integers {"code": "unknown_task", "message": "No task \"s_2026-09-15ay-review-opposites-of-integers\" is in this session."}
[08:49:46] SERVE_ERR s_2026-09-15ay-review-parts-of-an-expression {"code": "unknown_task", "message": "No task \"s_2026-09-15ay-review-parts-of-an-expression\" is in this session."}
[08:49:46] SERVE_ERR s_2026-09-15ay-review-perfect-squares {"code": "unknown_task", "message": "No task \"s_2026-09-15ay-review-perfect-squares\" is in this session."}
[08:49:46] SERVE_ERR s_2026-09-15ay-review-plotting-integers {"code": "unknown_task", "message": "No task \"s_2026-09-15ay-review-plotting-integers\" is in this session."}
[08:49:46] SERVE_ERR s_2026-09-15ay-review-plotting-points {"code": "unknown_task", "message": "No task \"s_2026-09-15ay-review-plotting-points\" is in this session."}
[08:49:46] SERVE_ERR s_2026-09-15ay-review-polynomial-addition-subtraction {"code": "unknown_task", "message": "No task \"s_2026-09-15ay-review-polynomial-addition-subtraction\" is in this session."}
[08:49:59] SERVE_ERR s_2026-09-15ay-review-prime-composite-numbers {"code": "unknown_task", "message": "No task \"s_2026-09-15ay-review-prime-composite-numbers\" is in this session."}
[08:49:59] SERVE_ERR s_2026-09-15ay-review-simplifying-radicals {"code": "unknown_task", "message": "No task \"s_2026-09-15ay-review-simplifying-radicals\" is in this session."}
[08:50:04] SERVE_ERR s_2026-09-15ay-review-whole-number-exponents {"code": "unknown_task", "message": "No task \"s_2026-09-15ay-review-whole-number-exponents\" is in this session."}
[08:50:04] SERVE_ERR s_2026-09-15ay-review-decimal-addition-subtraction {"code": "unknown_task", "message": "No task \"s_2026-09-15ay-review-decimal-addition-subtraction\" is in this session."}
[08:50:04] SERVE_ERR s_2026-09-15ay-review-exponent-product-quotient-rules {"code": "unknown_task", "message": "No task \"s_2026-09-15ay-review-exponent-product-quotient-rules\" is in this session."}
[08:50:08] SERVE_ERR s_2026-09-15ay-review-improper-fractions-mixed-numbers {"code": "unknown_task", "message": "No task \"s_2026-09-15ay-review-improper-fractions-mixed-numbers\" is in this session."}
[08:50:08] SERVE_ERR s_2026-09-15ay-review-integer-addition-subtraction {"code": "unknown_task", "message": "No task \"s_2026-09-15ay-review-integer-addition-subtraction\" is in this session."}
[08:50:09] SERVE_ERR s_2026-09-15ay-review-multi-digit-addition-subtraction {"code": "unknown_task", "message": "No task \"s_2026-09-15ay-review-multi-digit-addition-subtraction\" is in this session."}
[08:50:09] SERVE_ERR s_2026-09-15ay-review-multiplication-division-word-problems {"code": "unknown_task", "message": "No task \"s_2026-09-15ay-review-multiplication-division-word-problems\" is in this session."}
[08:50:09] SERVE_ERR s_2026-09-15ay-review-rounding-whole-numbers {"code": "unknown_task", "message": "No task \"s_2026-09-15ay-review-rounding-whole-numbers\" is in this session."}
[08:50:09] round [foundations]: ok {'answers': 56, 'tasks_done': 14, 'quizzes': 0, 'injected_wrong': 0, 'mismatches': 0, 'tasks_skipped': 23}
[08:50:09] round [foundations]: empty_plan {'answers': 0, 'tasks_done': 0, 'quizzes': 0, 'injected_wrong': 0, 'mismatches': 0}
[08:50:09] make_due: 283 topics
[08:50:24] SERVE_ERR s_2026-09-15az-review-prime-composite-numbers {"code": "unknown_task", "message": "No task \"s_2026-09-15az-review-prime-composite-numbers\" is in this session."}
[08:50:28] SERVE_ERR s_2026-09-15az-review-subtracting-integers {"code": "unknown_task", "message": "No task \"s_2026-09-15az-review-subtracting-integers\" is in this session."}
[08:50:33] SERVE_ERR s_2026-09-15az-review-divisibility-rules {"code": "unknown_task", "message": "No task \"s_2026-09-15az-review-divisibility-rules\" is in this session."}
[08:50:33] SERVE_ERR s_2026-09-15az-review-exponent-notation {"code": "unknown_task", "message": "No task \"s_2026-09-15az-review-exponent-notation\" is in this session."}
[08:50:41] SERVE_ERR s_2026-09-15az-review-integer-exponents-intro {"code": "unknown_task", "message": "No task \"s_2026-09-15az-review-integer-exponents-intro\" is in this session."}
[08:50:42] SERVE_ERR s_2026-09-15az-review-multiplying-by-one-digit {"code": "unknown_task", "message": "No task \"s_2026-09-15az-review-multiplying-by-one-digit\" is in this session."}
[08:50:50] SERVE_ERR s_2026-09-15az-review-opposites-of-integers {"code": "unknown_task", "message": "No task \"s_2026-09-15az-review-opposites-of-integers\" is in this session."}
[08:50:50] SERVE_ERR s_2026-09-15az-review-parts-of-an-expression {"code": "unknown_task", "message": "No task \"s_2026-09-15az-review-parts-of-an-expression\" is in this session."}
[08:50:50] SERVE_ERR s_2026-09-15az-review-perfect-squares {"code": "unknown_task", "message": "No task \"s_2026-09-15az-review-perfect-squares\" is in this session."}
[08:50:51] SERVE_ERR s_2026-09-15az-review-plotting-integers {"code": "unknown_task", "message": "No task \"s_2026-09-15az-review-plotting-integers\" is in this session."}
[08:51:04] SERVE_ERR s_2026-09-15az-review-prime-factorization {"code": "unknown_task", "message": "No task \"s_2026-09-15az-review-prime-factorization\" is in this session."}
[08:51:08] SERVE_ERR s_2026-09-15az-review-substituting-values {"code": "unknown_task", "message": "No task \"s_2026-09-15az-review-substituting-values\" is in this session."}
[08:51:08] SERVE_ERR s_2026-09-15az-review-adding-subtracting-fractions {"code": "unknown_task", "message": "No task \"s_2026-09-15az-review-adding-subtracting-fractions\" is in this session."}
[08:51:13] SERVE_ERR s_2026-09-15az-review-evaluating-functions {"code": "unknown_task", "message": "No task \"s_2026-09-15az-review-evaluating-functions\" is in this session."}
[08:51:13] SERVE_ERR s_2026-09-15az-review-exponent-product-quotient-rules {"code": "unknown_task", "message": "No task \"s_2026-09-15az-review-exponent-product-quotient-rules\" is in this session."}
[08:51:17] SERVE_ERR s_2026-09-15az-review-multiplication-division-word-problems {"code": "unknown_task", "message": "No task \"s_2026-09-15az-review-multiplication-division-word-problems\" is in this session."}
[08:51:17] SERVE_ERR s_2026-09-15az-review-rounding-decimals {"code": "unknown_task", "message": "No task \"s_2026-09-15az-review-rounding-decimals\" is in this session."}
[08:51:17] SERVE_ERR s_2026-09-15az-review-rounding-whole-numbers {"code": "unknown_task", "message": "No task \"s_2026-09-15az-review-rounding-whole-numbers\" is in this session."}
[08:51:17] SERVE_ERR s_2026-09-15az-review-special-products {"code": "unknown_task", "message": "No task \"s_2026-09-15az-review-special-products\" is in this session."}
[08:51:17] round [foundations]: ok {'answers': 60, 'tasks_done': 15, 'quizzes': 0, 'injected_wrong': 0, 'mismatches': 0, 'tasks_skipped': 19}
[08:51:27] round [foundations]: ok {'answers': 8, 'tasks_done': 0, 'quizzes': 1, 'injected_wrong': 0, 'mismatches': 0}
[08:51:27] round [foundations]: empty_plan {'answers': 0, 'tasks_done': 0, 'quizzes': 0, 'injected_wrong': 0, 'mismatches': 0}
[08:51:28] make_due: 283 topics
[08:51:38] SERVE_ERR s_2026-09-15bb-review-absolute-value {"code": "unknown_task", "message": "No task \"s_2026-09-15bb-review-absolute-value\" is in this session."}
[08:51:38] SERVE_ERR s_2026-09-15bb-review-addition-subtraction-equations {"code": "unknown_task", "message": "No task \"s_2026-09-15bb-review-addition-subtraction-equations\" is in this session."}
[08:51:55] SERVE_ERR s_2026-09-15bb-review-long-division {"code": "unknown_task", "message": "No task \"s_2026-09-15bb-review-long-division\" is in this session."}
[08:52:00] SERVE_ERR s_2026-09-15bb-review-opposites-of-integers {"code": "unknown_task", "message": "No task \"s_2026-09-15bb-review-opposites-of-integers\" is in this session."}
[08:52:00] SERVE_ERR s_2026-09-15bb-review-perfect-squares {"code": "unknown_task", "message": "No task \"s_2026-09-15bb-review-perfect-squares\" is in this session."}
[08:52:00] SERVE_ERR s_2026-09-15bb-review-plotting-integers {"code": "unknown_task", "message": "No task \"s_2026-09-15bb-review-plotting-integers\" is in this session."}
[08:52:13] SERVE_ERR s_2026-09-15bb-review-whole-number-exponents {"code": "unknown_task", "message": "No task \"s_2026-09-15bb-review-whole-number-exponents\" is in this session."}
[08:52:18] SERVE_ERR s_2026-09-15bb-review-evaluating-functions {"code": "unknown_task", "message": "No task \"s_2026-09-15bb-review-evaluating-functions\" is in this session."}
[08:52:22] round [foundations]: ok {'answers': 48, 'tasks_done': 12, 'quizzes': 0, 'injected_wrong': 0, 'mismatches': 0, 'tasks_skipped': 8}
[08:52:22] round [foundations]: empty_plan {'answers': 0, 'tasks_done': 0, 'quizzes': 0, 'injected_wrong': 0, 'mismatches': 0}
[08:52:23] make_due: 283 topics
[08:52:42] SERVE_ERR s_2026-09-15bc-review-multiplying-by-one-digit {"code": "unknown_task", "message": "No task \"s_2026-09-15bc-review-multiplying-by-one-digit\" is in this session."}
[08:52:42] SERVE_ERR s_2026-09-15bc-review-multiplying-by-powers-of-ten {"code": "unknown_task", "message": "No task \"s_2026-09-15bc-review-multiplying-by-powers-of-ten\" is in this session."}
[08:52:42] SERVE_ERR s_2026-09-15bc-review-number-line-integers {"code": "unknown_task", "message": "No task \"s_2026-09-15bc-review-number-line-integers\" is in this session."}
[08:52:42] SERVE_ERR s_2026-09-15bc-review-opposites-of-integers {"code": "unknown_task", "message": "No task \"s_2026-09-15bc-review-opposites-of-integers\" is in this session."}
[08:52:46] SERVE_ERR s_2026-09-15bc-review-perfect-squares {"code": "unknown_task", "message": "No task \"s_2026-09-15bc-review-perfect-squares\" is in this session."}
[08:52:46] SERVE_ERR s_2026-09-15bc-review-plotting-integers {"code": "unknown_task", "message": "No task \"s_2026-09-15bc-review-plotting-integers\" is in this session."}
[08:52:46] SERVE_ERR s_2026-09-15bc-review-substituting-values {"code": "unknown_task", "message": "No task \"s_2026-09-15bc-review-substituting-values\" is in this session."}
[08:52:55] SERVE_ERR s_2026-09-15bc-review-integer-addition-subtraction {"code": "unknown_task", "message": "No task \"s_2026-09-15bc-review-integer-addition-subtraction\" is in this session."}
[08:52:55] SERVE_ERR s_2026-09-15bc-review-multiplication-division-word-problems {"code": "unknown_task", "message": "No task \"s_2026-09-15bc-review-multiplication-division-word-problems\" is in this session."}
[08:52:55] round [foundations]: ok {'answers': 28, 'tasks_done': 7, 'quizzes': 0, 'injected_wrong': 0, 'mismatches': 0, 'tasks_skipped': 9}
[08:52:56] round [foundations]: empty_plan {'answers': 0, 'tasks_done': 0, 'quizzes': 0, 'injected_wrong': 0, 'mismatches': 0}
[08:52:56] make_due: 283 topics
[08:53:19] SERVE_ERR s_2026-09-15bd-review-exponent-notation {"code": "unknown_task", "message": "No task \"s_2026-09-15bd-review-exponent-notation\" is in this session."}
[08:53:24] SERVE_ERR s_2026-09-15bd-review-integer-exponents-intro {"code": "unknown_task", "message": "No task \"s_2026-09-15bd-review-integer-exponents-intro\" is in this session."}
[08:53:24] SERVE_ERR s_2026-09-15bd-review-multiplying-by-one-digit {"code": "unknown_task", "message": "No task \"s_2026-09-15bd-review-multiplying-by-one-digit\" is in this session."}
[08:53:24] SERVE_ERR s_2026-09-15bd-review-multiplying-by-powers-of-ten {"code": "unknown_task", "message": "No task \"s_2026-09-15bd-review-multiplying-by-powers-of-ten\" is in this session."}
[08:53:24] SERVE_ERR s_2026-09-15bd-review-opposites-of-integers {"code": "unknown_task", "message": "No task \"s_2026-09-15bd-review-opposites-of-integers\" is in this session."}
[08:53:24] SERVE_ERR s_2026-09-15bd-review-perfect-squares {"code": "unknown_task", "message": "No task \"s_2026-09-15bd-review-perfect-squares\" is in this session."}
[08:53:24] SERVE_ERR s_2026-09-15bd-review-plotting-integers {"code": "unknown_task", "message": "No task \"s_2026-09-15bd-review-plotting-integers\" is in this session."}
[08:53:24] SERVE_ERR s_2026-09-15bd-review-plotting-points {"code": "unknown_task", "message": "No task \"s_2026-09-15bd-review-plotting-points\" is in this session."}
[08:53:24] SERVE_ERR s_2026-09-15bd-review-whole-number-exponents {"code": "unknown_task", "message": "No task \"s_2026-09-15bd-review-whole-number-exponents\" is in this session."}
[08:53:24] SERVE_ERR s_2026-09-15bd-review-decimal-place-value {"code": "unknown_task", "message": "No task \"s_2026-09-15bd-review-decimal-place-value\" is in this session."}
[08:53:24] SERVE_ERR s_2026-09-15bd-review-multiplication-division-word-problems {"code": "unknown_task", "message": "No task \"s_2026-09-15bd-review-multiplication-division-word-problems\" is in this session."}
[08:53:24] SERVE_ERR s_2026-09-15bd-review-order-of-operations {"code": "unknown_task", "message": "No task \"s_2026-09-15bd-review-order-of-operations\" is in this session."}
[08:53:24] round [foundations]: ok {'answers': 24, 'tasks_done': 6, 'quizzes': 0, 'injected_wrong': 0, 'mismatches': 0, 'tasks_skipped': 12}
[08:53:25] round [foundations]: empty_plan {'answers': 0, 'tasks_done': 0, 'quizzes': 0, 'injected_wrong': 0, 'mismatches': 0}
[08:53:25] make_due: 283 topics
[08:53:48] SERVE_ERR s_2026-09-15be-review-multiplying-by-one-digit {"code": "unknown_task", "message": "No task \"s_2026-09-15be-review-multiplying-by-one-digit\" is in this session."}
[08:53:48] SERVE_ERR s_2026-09-15be-review-multiplying-by-powers-of-ten {"code": "unknown_task", "message": "No task \"s_2026-09-15be-review-multiplying-by-powers-of-ten\" is in this session."}
[08:53:48] SERVE_ERR s_2026-09-15be-review-number-line-integers {"code": "unknown_task", "message": "No task \"s_2026-09-15be-review-number-line-integers\" is in this session."}
[08:53:49] SERVE_ERR s_2026-09-15be-review-opposites-of-integers {"code": "unknown_task", "message": "No task \"s_2026-09-15be-review-opposites-of-integers\" is in this session."}
[08:53:49] SERVE_ERR s_2026-09-15be-review-perfect-squares {"code": "unknown_task", "message": "No task \"s_2026-09-15be-review-perfect-squares\" is in this session."}
[08:53:49] SERVE_ERR s_2026-09-15be-review-plotting-integers {"code": "unknown_task", "message": "No task \"s_2026-09-15be-review-plotting-integers\" is in this session."}
[08:53:49] SERVE_ERR s_2026-09-15be-review-whole-number-exponents {"code": "unknown_task", "message": "No task \"s_2026-09-15be-review-whole-number-exponents\" is in this session."}
[08:53:49] SERVE_ERR s_2026-09-15be-review-decimal-place-value {"code": "unknown_task", "message": "No task \"s_2026-09-15be-review-decimal-place-value\" is in this session."}
[08:53:49] SERVE_ERR s_2026-09-15be-review-fraction-of-a-number {"code": "unknown_task", "message": "No task \"s_2026-09-15be-review-fraction-of-a-number\" is in this session."}
[08:53:49] SERVE_ERR s_2026-09-15be-review-multiplication-division-word-problems {"code": "unknown_task", "message": "No task \"s_2026-09-15be-review-multiplication-division-word-problems\" is in this session."}
[08:53:49] round [foundations]: ok {'answers': 20, 'tasks_done': 5, 'quizzes': 0, 'injected_wrong': 0, 'mismatches': 0, 'tasks_skipped': 10}
[08:53:49] round [foundations]: empty_plan {'answers': 0, 'tasks_done': 0, 'quizzes': 0, 'injected_wrong': 0, 'mismatches': 0}
[08:53:50] make_due: 283 topics
[08:54:09] SERVE_ERR s_2026-09-15bf-review-opposites-of-integers {"code": "unknown_task", "message": "No task \"s_2026-09-15bf-review-opposites-of-integers\" is in this session."}
[08:54:13] SERVE_ERR s_2026-09-15bf-review-plotting-integers {"code": "unknown_task", "message": "No task \"s_2026-09-15bf-review-plotting-integers\" is in this session."}
[08:54:17] SERVE_ERR s_2026-09-15bf-review-decimal-place-value {"code": "unknown_task", "message": "No task \"s_2026-09-15bf-review-decimal-place-value\" is in this session."}
[08:54:22] SERVE_ERR s_2026-09-15bf-review-multiplication-division-word-problems {"code": "unknown_task", "message": "No task \"s_2026-09-15bf-review-multiplication-division-word-problems\" is in this session."}
[08:54:22] round [foundations]: ok {'answers': 28, 'tasks_done': 7, 'quizzes': 0, 'injected_wrong': 0, 'mismatches': 0, 'tasks_skipped': 4}
[08:54:22] round [foundations]: empty_plan {'answers': 0, 'tasks_done': 0, 'quizzes': 0, 'injected_wrong': 0, 'mismatches': 0}
[08:54:23] make_due: 283 topics
[08:54:33] SERVE_ERR s_2026-09-15bg-review-number-line-integers {"code": "unknown_task", "message": "No task \"s_2026-09-15bg-review-number-line-integers\" is in this session."}
[08:54:33] SERVE_ERR s_2026-09-15bg-review-opposites-of-integers {"code": "unknown_task", "message": "No task \"s_2026-09-15bg-review-opposites-of-integers\" is in this session."}
[08:54:33] SERVE_ERR s_2026-09-15bg-review-plotting-integers {"code": "unknown_task", "message": "No task \"s_2026-09-15bg-review-plotting-integers\" is in this session."}
[08:54:33] SERVE_ERR s_2026-09-15bg-review-fraction-of-a-number {"code": "unknown_task", "message": "No task \"s_2026-09-15bg-review-fraction-of-a-number\" is in this session."}
[08:54:33] SERVE_ERR s_2026-09-15bg-review-multiplication-division-word-problems {"code": "unknown_task", "message": "No task \"s_2026-09-15bg-review-multiplication-division-word-problems\" is in this session."}
[08:54:33] round [foundations]: ok {'answers': 8, 'tasks_done': 2, 'quizzes': 0, 'injected_wrong': 0, 'mismatches': 0, 'tasks_skipped': 5}
[08:54:33] round [foundations]: empty_plan {'answers': 0, 'tasks_done': 0, 'quizzes': 0, 'injected_wrong': 0, 'mismatches': 0}
[08:54:34] make_due: 283 topics
[08:54:53] SERVE_ERR s_2026-09-15bh-review-plotting-integers {"code": "unknown_task", "message": "No task \"s_2026-09-15bh-review-plotting-integers\" is in this session."}
[08:54:53] SERVE_ERR s_2026-09-15bh-review-decimal-place-value {"code": "unknown_task", "message": "No task \"s_2026-09-15bh-review-decimal-place-value\" is in this session."}
[08:55:02] round [foundations]: ok {'answers': 24, 'tasks_done': 6, 'quizzes': 0, 'injected_wrong': 0, 'mismatches': 0, 'tasks_skipped': 2}
[08:55:11] round [foundations]: ok {'answers': 8, 'tasks_done': 0, 'quizzes': 1, 'injected_wrong': 0, 'mismatches': 0}
[08:55:12] round [foundations]: empty_plan {'answers': 0, 'tasks_done': 0, 'quizzes': 0, 'injected_wrong': 0, 'mismatches': 0}
[08:55:12] make_due: 283 topics
[08:55:18] SERVE_ERR s_2026-09-15bj-review-integer-addition-subtraction {"code": "unknown_task", "message": "No task \"s_2026-09-15bj-review-integer-addition-subtraction\" is in this session."}
[08:55:27] SERVE_ERR s_2026-09-15bj-review-least-common-multiple {"code": "unknown_task", "message": "No task \"s_2026-09-15bj-review-least-common-multiple\" is in this session."}
[08:55:27] SERVE_ERR s_2026-09-15bj-review-multiplying-binomials {"code": "unknown_task", "message": "No task \"s_2026-09-15bj-review-multiplying-binomials\" is in this session."}
[08:55:27] SERVE_ERR s_2026-09-15bj-review-order-of-operations {"code": "unknown_task", "message": "No task \"s_2026-09-15bj-review-order-of-operations\" is in this session."}
[08:55:27] SERVE_ERR s_2026-09-15bj-review-square-roots {"code": "unknown_task", "message": "No task \"s_2026-09-15bj-review-square-roots\" is in this session."}
[08:55:27] SERVE_ERR s_2026-09-15bj-review-absolute-value {"code": "unknown_task", "message": "No task \"s_2026-09-15bj-review-absolute-value\" is in this session."}
[08:55:31] SERVE_ERR s_2026-09-15bj-review-addition-subtraction-equations {"code": "unknown_task", "message": "No task \"s_2026-09-15bj-review-addition-subtraction-equations\" is in this session."}
[08:55:31] SERVE_ERR s_2026-09-15bj-review-checking-a-solution {"code": "unknown_task", "message": "No task \"s_2026-09-15bj-review-checking-a-solution\" is in this session."}
[08:55:31] SERVE_ERR s_2026-09-15bj-review-combining-like-terms {"code": "unknown_task", "message": "No task \"s_2026-09-15bj-review-combining-like-terms\" is in this session."}
[08:55:40] SERVE_ERR s_2026-09-15bj-review-difference-of-squares {"code": "unknown_task", "message": "No task \"s_2026-09-15bj-review-difference-of-squares\" is in this session."}
[08:55:40] SERVE_ERR s_2026-09-15bj-review-divisibility-rules {"code": "unknown_task", "message": "No task \"s_2026-09-15bj-review-divisibility-rules\" is in this session."}
[08:55:40] SERVE_ERR s_2026-09-15bj-review-equations-with-fractions {"code": "unknown_task", "message": "No task \"s_2026-09-15bj-review-equations-with-fractions\" is in this session."}
[08:55:41] SERVE_ERR s_2026-09-15bj-review-exponent-notation {"code": "unknown_task", "message": "No task \"s_2026-09-15bj-review-exponent-notation\" is in this session."}
[08:55:41] SERVE_ERR s_2026-09-15bj-review-factoring-monic-trinomials {"code": "unknown_task", "message": "No task \"s_2026-09-15bj-review-factoring-monic-trinomials\" is in this session."}
[08:55:41] SERVE_ERR s_2026-09-15bj-review-gcf-of-monomials {"code": "unknown_task", "message": "No task \"s_2026-09-15bj-review-gcf-of-monomials\" is in this session."}
[08:55:41] SERVE_ERR s_2026-09-15bj-review-integer-exponents-intro {"code": "unknown_task", "message": "No task \"s_2026-09-15bj-review-integer-exponents-intro\" is in this session."}
[08:55:41] SERVE_ERR s_2026-09-15bj-review-long-division {"code": "unknown_task", "message": "No task \"s_2026-09-15bj-review-long-division\" is in this session."}
[08:55:45] SERVE_ERR s_2026-09-15bj-review-number-line-integers {"code": "unknown_task", "message": "No task \"s_2026-09-15bj-review-number-line-integers\" is in this session."}
[08:55:45] SERVE_ERR s_2026-09-15bj-review-parts-of-an-expression {"code": "unknown_task", "message": "No task \"s_2026-09-15bj-review-parts-of-an-expression\" is in this session."}
[08:55:45] SERVE_ERR s_2026-09-15bj-review-perfect-square-trinomials {"code": "unknown_task", "message": "No task \"s_2026-09-15bj-review-perfect-square-trinomials\" is in this session."}
[08:55:45] SERVE_ERR s_2026-09-15bj-review-perfect-squares {"code": "unknown_task", "message": "No task \"s_2026-09-15bj-review-perfect-squares\" is in this session."}
[08:55:46] SERVE_ERR s_2026-09-15bj-review-plotting-integers {"code": "unknown_task", "message": "No task \"s_2026-09-15bj-review-plotting-integers\" is in this session."}
[08:55:46] SERVE_ERR s_2026-09-15bj-review-polynomial-multiplication {"code": "unknown_task", "message": "No task \"s_2026-09-15bj-review-polynomial-multiplication\" is in this session."}
[08:55:46] SERVE_ERR s_2026-09-15bj-review-prime-composite-numbers {"code": "unknown_task", "message": "No task \"s_2026-09-15bj-review-prime-composite-numbers\" is in this session."}
[08:55:46] SERVE_ERR s_2026-09-15bj-review-prime-factorization {"code": "unknown_task", "message": "No task \"s_2026-09-15bj-review-prime-factorization\" is in this session."}
[08:55:46] SERVE_ERR s_2026-09-15bj-review-special-products {"code": "unknown_task", "message": "No task \"s_2026-09-15bj-review-special-products\" is in this session."}
[08:55:46] SERVE_ERR s_2026-09-15bj-review-square-root-property {"code": "unknown_task", "message": "No task \"s_2026-09-15bj-review-square-root-property\" is in this session."}
[08:55:46] SERVE_ERR s_2026-09-15bj-review-whole-number-exponents {"code": "unknown_task", "message": "No task \"s_2026-09-15bj-review-whole-number-exponents\" is in this session."}
[08:55:46] SERVE_ERR s_2026-09-15bj-review-equivalent-fractions {"code": "unknown_task", "message": "No task \"s_2026-09-15bj-review-equivalent-fractions\" is in this session."}
[08:55:46] SERVE_ERR s_2026-09-15bj-review-integer-multiplication-division {"code": "unknown_task", "message": "No task \"s_2026-09-15bj-review-integer-multiplication-division\" is in this session."}
[08:55:46] round [foundations]: ok {'answers': 28, 'tasks_done': 7, 'quizzes': 0, 'injected_wrong': 0, 'mismatches': 0, 'tasks_skipped': 30}
[08:55:46] round [foundations]: empty_plan {'answers': 0, 'tasks_done': 0, 'quizzes': 0, 'injected_wrong': 0, 'mismatches': 0}
[08:55:47] make_due: 283 topics
[08:55:57] SERVE_ERR s_2026-09-15bk-review-long-division {"code": "unknown_task", "message": "No task \"s_2026-09-15bk-review-long-division\" is in this session."}
[08:56:06] SERVE_ERR s_2026-09-15bk-review-fraction-of-a-number {"code": "unknown_task", "message": "No task \"s_2026-09-15bk-review-fraction-of-a-number\" is in this session."}
[08:56:19] SERVE_ERR s_2026-09-15bk-review-order-of-operations {"code": "unknown_task", "message": "No task \"s_2026-09-15bk-review-order-of-operations\" is in this session."}
[08:56:24] SERVE_ERR s_2026-09-15bk-review-absolute-value {"code": "unknown_task", "message": "No task \"s_2026-09-15bk-review-absolute-value\" is in this session."}
[08:56:28] SERVE_ERR s_2026-09-15bk-review-checking-a-solution {"code": "unknown_task", "message": "No task \"s_2026-09-15bk-review-checking-a-solution\" is in this session."}
[08:56:33] SERVE_ERR s_2026-09-15bk-review-divisibility-rules {"code": "unknown_task", "message": "No task \"s_2026-09-15bk-review-divisibility-rules\" is in this session."}
[08:56:37] SERVE_ERR s_2026-09-15bk-review-exponent-notation {"code": "unknown_task", "message": "No task \"s_2026-09-15bk-review-exponent-notation\" is in this session."}
[08:56:37] SERVE_ERR s_2026-09-15bk-review-integer-exponents-intro {"code": "unknown_task", "message": "No task \"s_2026-09-15bk-review-integer-exponents-intro\" is in this session."}
[08:56:37] SERVE_ERR s_2026-09-15bk-review-number-line-integers {"code": "unknown_task", "message": "No task \"s_2026-09-15bk-review-number-line-integers\" is in this session."}
[08:56:37] SERVE_ERR s_2026-09-15bk-review-one-step-equations {"code": "unknown_task", "message": "No task \"s_2026-09-15bk-review-one-step-equations\" is in this session."}
[08:56:38] SERVE_ERR s_2026-09-15bk-review-opposites-of-integers {"code": "unknown_task", "message": "No task \"s_2026-09-15bk-review-opposites-of-integers\" is in this session."}
[08:56:38] SERVE_ERR s_2026-09-15bk-review-parts-of-an-expression {"code": "unknown_task", "message": "No task \"s_2026-09-15bk-review-parts-of-an-expression\" is in this session."}
[08:56:46] SERVE_ERR s_2026-09-15bk-review-plotting-integers {"code": "unknown_task", "message": "No task \"s_2026-09-15bk-review-plotting-integers\" is in this session."}
[08:56:47] SERVE_ERR s_2026-09-15bk-review-polynomial-addition-subtraction {"code": "unknown_task", "message": "No task \"s_2026-09-15bk-review-polynomial-addition-subtraction\" is in this session."}
[08:56:47] SERVE_ERR s_2026-09-15bk-review-polynomial-multiplication {"code": "unknown_task", "message": "No task \"s_2026-09-15bk-review-polynomial-multiplication\" is in this session."}
[08:56:47] SERVE_ERR s_2026-09-15bk-review-prime-composite-numbers {"code": "unknown_task", "message": "No task \"s_2026-09-15bk-review-prime-composite-numbers\" is in this session."}
[08:56:47] SERVE_ERR s_2026-09-15bk-review-prime-factorization {"code": "unknown_task", "message": "No task \"s_2026-09-15bk-review-prime-factorization\" is in this session."}
[08:56:47] SERVE_ERR s_2026-09-15bk-review-simplifying-radicals {"code": "unknown_task", "message": "No task \"s_2026-09-15bk-review-simplifying-radicals\" is in this session."}
[08:56:47] SERVE_ERR s_2026-09-15bk-review-special-products {"code": "unknown_task", "message": "No task \"s_2026-09-15bk-review-special-products\" is in this session."}
[08:56:47] SERVE_ERR s_2026-09-15bk-review-whole-number-exponents {"code": "unknown_task", "message": "No task \"s_2026-09-15bk-review-whole-number-exponents\" is in this session."}
[08:56:47] SERVE_ERR s_2026-09-15bk-review-factoring-gcf {"code": "unknown_task", "message": "No task \"s_2026-09-15bk-review-factoring-gcf\" is in this session."}
[08:56:47] SERVE_ERR s_2026-09-15bk-review-factoring-trinomials {"code": "unknown_task", "message": "No task \"s_2026-09-15bk-review-factoring-trinomials\" is in this session."}
[08:56:47] SERVE_ERR s_2026-09-15bk-review-integer-addition-subtraction {"code": "unknown_task", "message": "No task \"s_2026-09-15bk-review-integer-addition-subtraction\" is in this session."}
[08:56:47] SERVE_ERR s_2026-09-15bk-review-integer-multiplication-division {"code": "unknown_task", "message": "No task \"s_2026-09-15bk-review-integer-multiplication-division\" is in this session."}
[08:56:47] SERVE_ERR s_2026-09-15bk-review-least-common-multiple {"code": "unknown_task", "message": "No task \"s_2026-09-15bk-review-least-common-multiple\" is in this session."}
[08:56:47] SERVE_ERR s_2026-09-15bk-review-variables-both-sides {"code": "unknown_task", "message": "No task \"s_2026-09-15bk-review-variables-both-sides\" is in this session."}
[08:56:47] round [foundations]: ok {'answers': 52, 'tasks_done': 13, 'quizzes': 0, 'injected_wrong': 0, 'mismatches': 0, 'tasks_skipped': 26}
[08:56:54] round [foundations]: ok {'answers': 6, 'tasks_done': 1, 'quizzes': 0, 'injected_wrong': 0, 'mismatches': 0}
[08:57:01] round [foundations]: ok {'answers': 6, 'tasks_done': 1, 'quizzes': 0, 'injected_wrong': 0, 'mismatches': 0}
[08:57:02] round [foundations]: empty_plan {'answers': 0, 'tasks_done': 0, 'quizzes': 0, 'injected_wrong': 0, 'mismatches': 0}
[08:57:02] make_due: 285 topics
[08:57:21] SERVE_ERR s_2026-09-15bn-review-order-of-operations {"code": "unknown_task", "message": "No task \"s_2026-09-15bn-review-order-of-operations\" is in this session."}
[08:57:25] SERVE_ERR s_2026-09-15bn-review-absolute-value {"code": "unknown_task", "message": "No task \"s_2026-09-15bn-review-absolute-value\" is in this session."}
[08:57:26] SERVE_ERR s_2026-09-15bn-review-checking-a-solution {"code": "unknown_task", "message": "No task \"s_2026-09-15bn-review-checking-a-solution\" is in this session."}
[08:57:30] SERVE_ERR s_2026-09-15bn-review-divisibility-rules {"code": "unknown_task", "message": "No task \"s_2026-09-15bn-review-divisibility-rules\" is in this session."}
[08:57:30] SERVE_ERR s_2026-09-15bn-review-exponent-notation {"code": "unknown_task", "message": "No task \"s_2026-09-15bn-review-exponent-notation\" is in this session."}
[08:57:30] SERVE_ERR s_2026-09-15bn-review-integer-exponents-intro {"code": "unknown_task", "message": "No task \"s_2026-09-15bn-review-integer-exponents-intro\" is in this session."}
[08:57:30] SERVE_ERR s_2026-09-15bn-review-number-line-integers {"code": "unknown_task", "message": "No task \"s_2026-09-15bn-review-number-line-integers\" is in this session."}
[08:57:30] SERVE_ERR s_2026-09-15bn-review-opposites-of-integers {"code": "unknown_task", "message": "No task \"s_2026-09-15bn-review-opposites-of-integers\" is in this session."}
[08:57:30] SERVE_ERR s_2026-09-15bn-review-parts-of-an-expression {"code": "unknown_task", "message": "No task \"s_2026-09-15bn-review-parts-of-an-expression\" is in this session."}
[08:57:30] SERVE_ERR s_2026-09-15bn-review-plotting-integers {"code": "unknown_task", "message": "No task \"s_2026-09-15bn-review-plotting-integers\" is in this session."}
[08:57:35] SERVE_ERR s_2026-09-15bn-review-polynomial-basics {"code": "unknown_task", "message": "No task \"s_2026-09-15bn-review-polynomial-basics\" is in this session."}
[08:57:35] SERVE_ERR s_2026-09-15bn-review-polynomial-multiplication {"code": "unknown_task", "message": "No task \"s_2026-09-15bn-review-polynomial-multiplication\" is in this session."}
[08:57:35] SERVE_ERR s_2026-09-15bn-review-prime-composite-numbers {"code": "unknown_task", "message": "No task \"s_2026-09-15bn-review-prime-composite-numbers\" is in this session."}
[08:57:53] SERVE_ERR s_2026-09-15bn-review-whole-number-exponents {"code": "unknown_task", "message": "No task \"s_2026-09-15bn-review-whole-number-exponents\" is in this session."}
[08:57:53] SERVE_ERR s_2026-09-15bn-review-adding-subtracting-fractions {"code": "unknown_task", "message": "No task \"s_2026-09-15bn-review-adding-subtracting-fractions\" is in this session."}
[08:57:57] SERVE_ERR s_2026-09-15bn-review-integer-multiplication-division {"code": "unknown_task", "message": "No task \"s_2026-09-15bn-review-integer-multiplication-division\" is in this session."}
[08:57:58] round [foundations]: ok {'answers': 48, 'tasks_done': 12, 'quizzes': 0, 'injected_wrong': 0, 'mismatches': 0, 'tasks_skipped': 16}
[08:57:58] round [foundations]: empty_plan {'answers': 0, 'tasks_done': 0, 'quizzes': 0, 'injected_wrong': 0, 'mismatches': 0}
[08:57:58] make_due: 285 topics
[08:58:13] SERVE_ERR s_2026-09-15bo-review-order-of-operations {"code": "unknown_task", "message": "No task \"s_2026-09-15bo-review-order-of-operations\" is in this session."}
[08:58:22] SERVE_ERR s_2026-09-15bo-review-absolute-value {"code": "unknown_task", "message": "No task \"s_2026-09-15bo-review-absolute-value\" is in this session."}
[08:58:31] SERVE_ERR s_2026-09-15bo-review-divisibility-rules {"code": "unknown_task", "message": "No task \"s_2026-09-15bo-review-divisibility-rules\" is in this session."}
[08:58:31] SERVE_ERR s_2026-09-15bo-review-exponent-notation {"code": "unknown_task", "message": "No task \"s_2026-09-15bo-review-exponent-notation\" is in this session."}
[08:58:31] SERVE_ERR s_2026-09-15bo-review-integer-exponents-intro {"code": "unknown_task", "message": "No task \"s_2026-09-15bo-review-integer-exponents-intro\" is in this session."}
[08:58:35] SERVE_ERR s_2026-09-15bo-review-number-line-integers {"code": "unknown_task", "message": "No task \"s_2026-09-15bo-review-number-line-integers\" is in this session."}
[08:58:35] SERVE_ERR s_2026-09-15bo-review-opposites-of-integers {"code": "unknown_task", "message": "No task \"s_2026-09-15bo-review-opposites-of-integers\" is in this session."}
[08:58:35] SERVE_ERR s_2026-09-15bo-review-parts-of-an-expression {"code": "unknown_task", "message": "No task \"s_2026-09-15bo-review-parts-of-an-expression\" is in this session."}
[08:58:35] SERVE_ERR s_2026-09-15bo-review-perfect-squares {"code": "unknown_task", "message": "No task \"s_2026-09-15bo-review-perfect-squares\" is in this session."}
[08:58:36] SERVE_ERR s_2026-09-15bo-review-plotting-integers {"code": "unknown_task", "message": "No task \"s_2026-09-15bo-review-plotting-integers\" is in this session."}
[08:58:40] SERVE_ERR s_2026-09-15bo-review-polynomial-multiplication {"code": "unknown_task", "message": "No task \"s_2026-09-15bo-review-polynomial-multiplication\" is in this session."}
[08:58:40] SERVE_ERR s_2026-09-15bo-review-prime-factorization {"code": "unknown_task", "message": "No task \"s_2026-09-15bo-review-prime-factorization\" is in this session."}
[08:58:40] SERVE_ERR s_2026-09-15bo-review-whole-number-exponents {"code": "unknown_task", "message": "No task \"s_2026-09-15bo-review-whole-number-exponents\" is in this session."}
[08:58:40] SERVE_ERR s_2026-09-15bo-review-adding-subtracting-fractions {"code": "unknown_task", "message": "No task \"s_2026-09-15bo-review-adding-subtracting-fractions\" is in this session."}
[08:58:40] SERVE_ERR s_2026-09-15bo-review-decimal-place-value {"code": "unknown_task", "message": "No task \"s_2026-09-15bo-review-decimal-place-value\" is in this session."}
[08:58:40] SERVE_ERR s_2026-09-15bo-review-gcf-lcm {"code": "unknown_task", "message": "No task \"s_2026-09-15bo-review-gcf-lcm\" is in this session."}
[08:58:40] SERVE_ERR s_2026-09-15bo-review-multi-digit-multiplication {"code": "unknown_task", "message": "No task \"s_2026-09-15bo-review-multi-digit-multiplication\" is in this session."}
[08:58:40] round [foundations]: ok {'answers': 36, 'tasks_done': 9, 'quizzes': 0, 'injected_wrong': 0, 'mismatches': 0, 'tasks_skipped': 17}
[08:58:50] round [foundations]: ok {'answers': 8, 'tasks_done': 0, 'quizzes': 1, 'injected_wrong': 0, 'mismatches': 0}
[08:58:50] round [foundations]: empty_plan {'answers': 0, 'tasks_done': 0, 'quizzes': 0, 'injected_wrong': 0, 'mismatches': 0}
[08:58:51] make_due: 285 topics
[08:59:10] SERVE_ERR s_2026-09-15bq-review-multi-digit-multiplication {"code": "unknown_task", "message": "No task \"s_2026-09-15bq-review-multi-digit-multiplication\" is in this session."}
[08:59:14] SERVE_ERR s_2026-09-15bq-review-order-of-operations {"code": "unknown_task", "message": "No task \"s_2026-09-15bq-review-order-of-operations\" is in this session."}
[08:59:19] SERVE_ERR s_2026-09-15bq-review-absolute-value {"code": "unknown_task", "message": "No task \"s_2026-09-15bq-review-absolute-value\" is in this session."}
[08:59:23] SERVE_ERR s_2026-09-15bq-review-addition-subtraction-equations {"code": "unknown_task", "message": "No task \"s_2026-09-15bq-review-addition-subtraction-equations\" is in this session."}
[08:59:32] SERVE_ERR s_2026-09-15bq-review-divisibility-rules {"code": "unknown_task", "message": "No task \"s_2026-09-15bq-review-divisibility-rules\" is in this session."}
[08:59:32] SERVE_ERR s_2026-09-15bq-review-evaluating-expressions {"code": "unknown_task", "message": "No task \"s_2026-09-15bq-review-evaluating-expressions\" is in this session."}
[08:59:32] SERVE_ERR s_2026-09-15bq-review-exponent-notation {"code": "unknown_task", "message": "No task \"s_2026-09-15bq-review-exponent-notation\" is in this session."}
[08:59:59] SERVE_ERR s_2026-09-15bq-review-number-line-integers {"code": "unknown_task", "message": "No task \"s_2026-09-15bq-review-number-line-integers\" is in this session."}
[09:00:04] SERVE_ERR s_2026-09-15bq-review-opposites-of-integers {"code": "unknown_task", "message": "No task \"s_2026-09-15bq-review-opposites-of-integers\" is in this session."}
[09:00:04] SERVE_ERR s_2026-09-15bq-review-parts-of-an-expression {"code": "unknown_task", "message": "No task \"s_2026-09-15bq-review-parts-of-an-expression\" is in this session."}
[09:00:04] SERVE_ERR s_2026-09-15bq-review-perfect-squares {"code": "unknown_task", "message": "No task \"s_2026-09-15bq-review-perfect-squares\" is in this session."}
[09:00:04] SERVE_ERR s_2026-09-15bq-review-plotting-integers {"code": "unknown_task", "message": "No task \"s_2026-09-15bq-review-plotting-integers\" is in this session."}
[09:00:04] SERVE_ERR s_2026-09-15bq-review-plotting-points {"code": "unknown_task", "message": "No task \"s_2026-09-15bq-review-plotting-points\" is in this session."}
[09:00:13] SERVE_ERR s_2026-09-15bq-review-prime-factorization {"code": "unknown_task", "message": "No task \"s_2026-09-15bq-review-prime-factorization\" is in this session."}
[09:00:22] SERVE_ERR s_2026-09-15bq-review-slope {"code": "unknown_task", "message": "No task \"s_2026-09-15bq-review-slope\" is in this session."}
[09:00:22] SERVE_ERR s_2026-09-15bq-review-slope-from-a-graph {"code": "unknown_task", "message": "No task \"s_2026-09-15bq-review-slope-from-a-graph\" is in this session."}
[09:00:22] SERVE_ERR s_2026-09-15bq-review-slope-from-two-points {"code": "unknown_task", "message": "No task \"s_2026-09-15bq-review-slope-from-two-points\" is in this session."}
[09:00:27] SERVE_ERR s_2026-09-15bq-review-solutions-of-inequalities {"code": "unknown_task", "message": "No task \"s_2026-09-15bq-review-solutions-of-inequalities\" is in this session."}
[09:00:31] SERVE_ERR s_2026-09-15bq-review-variables-both-sides {"code": "unknown_task", "message": "No task \"s_2026-09-15bq-review-variables-both-sides\" is in this session."}
[09:00:31] SERVE_ERR s_2026-09-15bq-review-whole-number-exponents {"code": "unknown_task", "message": "No task \"s_2026-09-15bq-review-whole-number-exponents\" is in this session."}
[09:00:31] SERVE_ERR s_2026-09-15bq-review-adding-subtracting-fractions {"code": "unknown_task", "message": "No task \"s_2026-09-15bq-review-adding-subtracting-fractions\" is in this session."}
[09:00:36] SERVE_ERR s_2026-09-15bq-review-integer-multiplication-division {"code": "unknown_task", "message": "No task \"s_2026-09-15bq-review-integer-multiplication-division\" is in this session."}
[09:00:36] round [foundations]: ok {'answers': 92, 'tasks_done': 23, 'quizzes': 0, 'injected_wrong': 0, 'mismatches': 0, 'tasks_skipped': 22}
[09:00:36] round [foundations]: empty_plan {'answers': 0, 'tasks_done': 0, 'quizzes': 0, 'injected_wrong': 0, 'mismatches': 0}
[09:00:37] make_due: 285 topics
[09:01:00] SERVE_ERR s_2026-09-15br-review-multi-digit-multiplication {"code": "unknown_task", "message": "No task \"s_2026-09-15br-review-multi-digit-multiplication\" is in this session."}
[09:01:00] SERVE_ERR s_2026-09-15br-review-order-of-operations {"code": "unknown_task", "message": "No task \"s_2026-09-15br-review-order-of-operations\" is in this session."}
[09:01:00] SERVE_ERR s_2026-09-15br-review-absolute-value {"code": "unknown_task", "message": "No task \"s_2026-09-15br-review-absolute-value\" is in this session."}
[09:01:04] SERVE_ERR s_2026-09-15br-review-checking-a-solution {"code": "unknown_task", "message": "No task \"s_2026-09-15br-review-checking-a-solution\" is in this session."}
[09:01:09] SERVE_ERR s_2026-09-15br-review-exponent-notation {"code": "unknown_task", "message": "No task \"s_2026-09-15br-review-exponent-notation\" is in this session."}
[09:01:09] SERVE_ERR s_2026-09-15br-review-integer-exponents-intro {"code": "unknown_task", "message": "No task \"s_2026-09-15br-review-integer-exponents-intro\" is in this session."}
[09:01:09] SERVE_ERR s_2026-09-15br-review-multiplying-by-powers-of-ten {"code": "unknown_task", "message": "No task \"s_2026-09-15br-review-multiplying-by-powers-of-ten\" is in this session."}
[09:01:09] SERVE_ERR s_2026-09-15br-review-opposites-of-integers {"code": "unknown_task", "message": "No task \"s_2026-09-15br-review-opposites-of-integers\" is in this session."}
[09:01:14] SERVE_ERR s_2026-09-15br-review-perfect-squares {"code": "unknown_task", "message": "No task \"s_2026-09-15br-review-perfect-squares\" is in this session."}
[09:01:14] SERVE_ERR s_2026-09-15br-review-place-value {"code": "unknown_task", "message": "No task \"s_2026-09-15br-review-place-value\" is in this session."}
[09:01:14] SERVE_ERR s_2026-09-15br-review-plotting-integers {"code": "unknown_task", "message": "No task \"s_2026-09-15br-review-plotting-integers\" is in this session."}
[09:01:41] SERVE_ERR s_2026-09-15br-review-whole-number-exponents {"code": "unknown_task", "message": "No task \"s_2026-09-15br-review-whole-number-exponents\" is in this session."}
[09:01:41] SERVE_ERR s_2026-09-15br-review-adding-subtracting-fractions {"code": "unknown_task", "message": "No task \"s_2026-09-15br-review-adding-subtracting-fractions\" is in this session."}
[09:01:45] SERVE_ERR s_2026-09-15br-review-rounding-decimals {"code": "unknown_task", "message": "No task \"s_2026-09-15br-review-rounding-decimals\" is in this session."}
[09:01:50] round [foundations]: ok {'answers': 64, 'tasks_done': 16, 'quizzes': 0, 'injected_wrong': 0, 'mismatches': 0, 'tasks_skipped': 14}
[09:01:50] round [foundations]: empty_plan {'answers': 0, 'tasks_done': 0, 'quizzes': 0, 'injected_wrong': 0, 'mismatches': 0}
[09:01:50] make_due: 285 topics
[09:01:56] SERVE_ERR s_2026-09-15bs-review-multi-digit-multiplication {"code": "unknown_task", "message": "No task \"s_2026-09-15bs-review-multi-digit-multiplication\" is in this session."}
[09:02:32] SERVE_ERR s_2026-09-15bs-review-multiplying-by-powers-of-ten {"code": "unknown_task", "message": "No task \"s_2026-09-15bs-review-multiplying-by-powers-of-ten\" is in this session."}
[09:02:36] SERVE_ERR s_2026-09-15bs-review-opposites-of-integers {"code": "unknown_task", "message": "No task \"s_2026-09-15bs-review-opposites-of-integers\" is in this session."}
[09:02:36] SERVE_ERR s_2026-09-15bs-review-perfect-squares {"code": "unknown_task", "message": "No task \"s_2026-09-15bs-review-perfect-squares\" is in this session."}
[09:02:36] SERVE_ERR s_2026-09-15bs-review-plotting-integers {"code": "unknown_task", "message": "No task \"s_2026-09-15bs-review-plotting-integers\" is in this session."}
[09:02:37] SERVE_ERR s_2026-09-15bs-review-whole-number-exponents {"code": "unknown_task", "message": "No task \"s_2026-09-15bs-review-whole-number-exponents\" is in this session."}
[09:02:41] SERVE_ERR s_2026-09-15bs-review-integer-multiplication-division {"code": "unknown_task", "message": "No task \"s_2026-09-15bs-review-integer-multiplication-division\" is in this session."}
[09:02:46] round [foundations]: ok {'answers': 48, 'tasks_done': 12, 'quizzes': 0, 'injected_wrong': 0, 'mismatches': 0, 'tasks_skipped': 7}
[09:02:55] round [foundations]: ok {'answers': 8, 'tasks_done': 0, 'quizzes': 1, 'injected_wrong': 0, 'mismatches': 0}
[09:02:56] round [foundations]: empty_plan {'answers': 0, 'tasks_done': 0, 'quizzes': 0, 'injected_wrong': 0, 'mismatches': 0}
[09:02:56] make_due: 285 topics
[09:03:06] SERVE_ERR s_2026-09-15bu-review-opposites-of-integers {"code": "unknown_task", "message": "No task \"s_2026-09-15bu-review-opposites-of-integers\" is in this session."}
[09:03:06] SERVE_ERR s_2026-09-15bu-review-parts-of-an-expression {"code": "unknown_task", "message": "No task \"s_2026-09-15bu-review-parts-of-an-expression\" is in this session."}
[09:03:11] SERVE_ERR s_2026-09-15bu-review-plotting-integers {"code": "unknown_task", "message": "No task \"s_2026-09-15bu-review-plotting-integers\" is in this session."}
[09:03:20] SERVE_ERR s_2026-09-15bu-review-factoring-gcf {"code": "unknown_task", "message": "No task \"s_2026-09-15bu-review-factoring-gcf\" is in this session."}
[09:03:20] round [foundations]: ok {'answers': 20, 'tasks_done': 5, 'quizzes': 0, 'injected_wrong': 0, 'mismatches': 0, 'tasks_skipped': 4}
[09:03:20] round [foundations]: empty_plan {'answers': 0, 'tasks_done': 0, 'quizzes': 0, 'injected_wrong': 0, 'mismatches': 0}
[09:03:21] make_due: 285 topics
[09:03:40] SERVE_ERR s_2026-09-15bv-review-checking-a-solution {"code": "unknown_task", "message": "No task \"s_2026-09-15bv-review-checking-a-solution\" is in this session."}
[09:03:44] SERVE_ERR s_2026-09-15bv-review-division-facts {"code": "unknown_task", "message": "No task \"s_2026-09-15bv-review-division-facts\" is in this session."}
[09:03:53] SERVE_ERR s_2026-09-15bv-review-multiplying-by-powers-of-ten {"code": "unknown_task", "message": "No task \"s_2026-09-15bv-review-multiplying-by-powers-of-ten\" is in this session."}
[09:03:53] SERVE_ERR s_2026-09-15bv-review-number-line-integers {"code": "unknown_task", "message": "No task \"s_2026-09-15bv-review-number-line-integers\" is in this session."}
[09:03:53] SERVE_ERR s_2026-09-15bv-review-opposites-of-integers {"code": "unknown_task", "message": "No task \"s_2026-09-15bv-review-opposites-of-integers\" is in this session."}
[09:03:53] SERVE_ERR s_2026-09-15bv-review-parts-of-an-expression {"code": "unknown_task", "message": "No task \"s_2026-09-15bv-review-parts-of-an-expression\" is in this session."}
[09:03:53] SERVE_ERR s_2026-09-15bv-review-plotting-integers {"code": "unknown_task", "message": "No task \"s_2026-09-15bv-review-plotting-integers\" is in this session."}
[09:03:54] SERVE_ERR s_2026-09-15bv-review-substituting-values {"code": "unknown_task", "message": "No task \"s_2026-09-15bv-review-substituting-values\" is in this session."}
[09:03:54] SERVE_ERR s_2026-09-15bv-review-whole-number-exponents {"code": "unknown_task", "message": "No task \"s_2026-09-15bv-review-whole-number-exponents\" is in this session."}
[09:03:54] SERVE_ERR s_2026-09-15bv-review-decimal-place-value {"code": "unknown_task", "message": "No task \"s_2026-09-15bv-review-decimal-place-value\" is in this session."}
[09:03:54] SERVE_ERR s_2026-09-15bv-review-improper-fractions-mixed-numbers {"code": "unknown_task", "message": "No task \"s_2026-09-15bv-review-improper-fractions-mixed-numbers\" is in this session."}
[09:03:54] SERVE_ERR s_2026-09-15bv-review-integer-addition-subtraction {"code": "unknown_task", "message": "No task \"s_2026-09-15bv-review-integer-addition-subtraction\" is in this session."}
[09:03:54] SERVE_ERR s_2026-09-15bv-review-integer-multiplication-division {"code": "unknown_task", "message": "No task \"s_2026-09-15bv-review-integer-multiplication-division\" is in this session."}
[09:03:54] SERVE_ERR s_2026-09-15bv-review-multi-digit-addition-subtraction {"code": "unknown_task", "message": "No task \"s_2026-09-15bv-review-multi-digit-addition-subtraction\" is in this session."}
[09:03:54] SERVE_ERR s_2026-09-15bv-review-multi-digit-multiplication {"code": "unknown_task", "message": "No task \"s_2026-09-15bv-review-multi-digit-multiplication\" is in this session."}
[09:03:59] round [foundations]: ok {'answers': 32, 'tasks_done': 8, 'quizzes': 0, 'injected_wrong': 0, 'mismatches': 0, 'tasks_skipped': 15}
[09:04:03] round [foundations]: ok {'answers': 4, 'tasks_done': 1, 'quizzes': 0, 'injected_wrong': 0, 'mismatches': 0}
[09:04:04] round [foundations]: empty_plan {'answers': 0, 'tasks_done': 0, 'quizzes': 0, 'injected_wrong': 0, 'mismatches': 0}
[09:04:04] make_due: 285 topics
[09:04:27] SERVE_ERR s_2026-09-15bx-review-opposites-of-integers {"code": "unknown_task", "message": "No task \"s_2026-09-15bx-review-opposites-of-integers\" is in this session."}
[09:04:32] SERVE_ERR s_2026-09-15bx-review-perfect-squares {"code": "unknown_task", "message": "No task \"s_2026-09-15bx-review-perfect-squares\" is in this session."}
[09:04:32] SERVE_ERR s_2026-09-15bx-review-plotting-integers {"code": "unknown_task", "message": "No task \"s_2026-09-15bx-review-plotting-integers\" is in this session."}
[09:04:32] SERVE_ERR s_2026-09-15bx-review-substituting-values {"code": "unknown_task", "message": "No task \"s_2026-09-15bx-review-substituting-values\" is in this session."}
[09:04:32] SERVE_ERR s_2026-09-15bx-review-whole-number-exponents {"code": "unknown_task", "message": "No task \"s_2026-09-15bx-review-whole-number-exponents\" is in this session."}
[09:04:32] SERVE_ERR s_2026-09-15bx-review-decimal-addition-subtraction {"code": "unknown_task", "message": "No task \"s_2026-09-15bx-review-decimal-addition-subtraction\" is in this session."}
[09:04:32] SERVE_ERR s_2026-09-15bx-review-decimal-place-value {"code": "unknown_task", "message": "No task \"s_2026-09-15bx-review-decimal-place-value\" is in this session."}
[09:04:32] SERVE_ERR s_2026-09-15bx-review-least-common-multiple {"code": "unknown_task", "message": "No task \"s_2026-09-15bx-review-least-common-multiple\" is in this session."}
[09:04:37] round [foundations]: ok {'answers': 28, 'tasks_done': 7, 'quizzes': 0, 'injected_wrong': 0, 'mismatches': 0, 'tasks_skipped': 8}
[09:04:37] round [foundations]: empty_plan {'answers': 0, 'tasks_done': 0, 'quizzes': 0, 'injected_wrong': 0, 'mismatches': 0}
[09:04:38] make_due: 285 topics
[09:04:43] SERVE_ERR s_2026-09-15by-review-absolute-value {"code": "unknown_task", "message": "No task \"s_2026-09-15by-review-absolute-value\" is in this session."}
[09:04:43] SERVE_ERR s_2026-09-15by-review-number-line-integers {"code": "unknown_task", "message": "No task \"s_2026-09-15by-review-number-line-integers\" is in this session."}
[09:04:43] SERVE_ERR s_2026-09-15by-review-opposites-of-integers {"code": "unknown_task", "message": "No task \"s_2026-09-15by-review-opposites-of-integers\" is in this session."}
[09:04:48] SERVE_ERR s_2026-09-15by-review-plotting-integers {"code": "unknown_task", "message": "No task \"s_2026-09-15by-review-plotting-integers\" is in this session."}
[09:04:52] SERVE_ERR s_2026-09-15by-review-whole-number-exponents {"code": "unknown_task", "message": "No task \"s_2026-09-15by-review-whole-number-exponents\" is in this session."}
[09:04:53] SERVE_ERR s_2026-09-15by-review-decimal-addition-subtraction {"code": "unknown_task", "message": "No task \"s_2026-09-15by-review-decimal-addition-subtraction\" is in this session."}
[09:04:53] SERVE_ERR s_2026-09-15by-review-order-of-operations {"code": "unknown_task", "message": "No task \"s_2026-09-15by-review-order-of-operations\" is in this session."}
[09:04:53] round [foundations]: ok {'answers': 12, 'tasks_done': 3, 'quizzes': 0, 'injected_wrong': 0, 'mismatches': 0, 'tasks_skipped': 7}
[09:04:53] round [foundations]: empty_plan {'answers': 0, 'tasks_done': 0, 'quizzes': 0, 'injected_wrong': 0, 'mismatches': 0}
[09:04:53] make_due: 285 topics
[09:05:08] SERVE_ERR s_2026-09-15bz-review-number-line-integers {"code": "unknown_task", "message": "No task \"s_2026-09-15bz-review-number-line-integers\" is in this session."}
[09:05:08] SERVE_ERR s_2026-09-15bz-review-opposites-of-integers {"code": "unknown_task", "message": "No task \"s_2026-09-15bz-review-opposites-of-integers\" is in this session."}
[09:05:08] SERVE_ERR s_2026-09-15bz-review-plotting-integers {"code": "unknown_task", "message": "No task \"s_2026-09-15bz-review-plotting-integers\" is in this session."}
[09:05:17] SERVE_ERR s_2026-09-15bz-review-decimal-place-value {"code": "unknown_task", "message": "No task \"s_2026-09-15bz-review-decimal-place-value\" is in this session."}
[09:05:17] SERVE_ERR s_2026-09-15bz-review-division-with-remainders {"code": "unknown_task", "message": "No task \"s_2026-09-15bz-review-division-with-remainders\" is in this session."}
[09:05:22] round [foundations]: ok {'answers': 24, 'tasks_done': 6, 'quizzes': 0, 'injected_wrong': 0, 'mismatches': 0, 'tasks_skipped': 5}
[09:05:22] round [foundations]: empty_plan {'answers': 0, 'tasks_done': 0, 'quizzes': 0, 'injected_wrong': 0, 'mismatches': 0}
[09:05:23] make_due: 285 topics
[09:05:28] SERVE_ERR s_2026-09-15ca-review-multiplying-by-one-digit {"code": "unknown_task", "message": "No task \"s_2026-09-15ca-review-multiplying-by-one-digit\" is in this session."}
[09:05:33] SERVE_ERR s_2026-09-15ca-review-opposites-of-integers {"code": "unknown_task", "message": "No task \"s_2026-09-15ca-review-opposites-of-integers\" is in this session."}
[09:05:37] SERVE_ERR s_2026-09-15ca-review-plotting-integers {"code": "unknown_task", "message": "No task \"s_2026-09-15ca-review-plotting-integers\" is in this session."}
[09:05:37] SERVE_ERR s_2026-09-15ca-review-improper-fractions-mixed-numbers {"code": "unknown_task", "message": "No task \"s_2026-09-15ca-review-improper-fractions-mixed-numbers\" is in this session."}
[09:05:38] round [foundations]: ok {'answers': 12, 'tasks_done': 3, 'quizzes': 0, 'injected_wrong': 0, 'mismatches': 0, 'tasks_skipped': 4}
[09:05:42] round [foundations]: ok {'answers': 4, 'tasks_done': 1, 'quizzes': 0, 'injected_wrong': 0, 'mismatches': 0}
[09:05:43] round [foundations]: empty_plan {'answers': 0, 'tasks_done': 0, 'quizzes': 0, 'injected_wrong': 0, 'mismatches': 0}
[09:05:43] make_due: 285 topics
[09:06:02] SERVE_ERR s_2026-09-15cc-review-plotting-integers {"code": "unknown_task", "message": "No task \"s_2026-09-15cc-review-plotting-integers\" is in this session."}
[09:06:07] SERVE_ERR s_2026-09-15cc-review-decimal-place-value {"code": "unknown_task", "message": "No task \"s_2026-09-15cc-review-decimal-place-value\" is in this session."}
[09:06:07] SERVE_ERR s_2026-09-15cc-review-least-common-multiple {"code": "unknown_task", "message": "No task \"s_2026-09-15cc-review-least-common-multiple\" is in this session."}
[09:06:07] round [foundations]: ok {'answers': 20, 'tasks_done': 5, 'quizzes': 0, 'injected_wrong': 0, 'mismatches': 0, 'tasks_skipped': 3}
[09:06:07] round [foundations]: empty_plan {'answers': 0, 'tasks_done': 0, 'quizzes': 0, 'injected_wrong': 0, 'mismatches': 0}
[09:06:08] make_due: 285 topics
[09:06:09] round [foundations]: empty_plan {'answers': 0, 'tasks_done': 0, 'quizzes': 0, 'injected_wrong': 0, 'mismatches': 0}
[09:06:09] make_due: 285 topics
[09:06:11] round [foundations]: empty_plan {'answers': 0, 'tasks_done': 0, 'quizzes': 0, 'injected_wrong': 0, 'mismatches': 0}
[09:06:11] make_due: 285 topics
[09:06:11] progress 1.0% with empty plan — inspect manually
[09:06:32] round [foundations]: empty_plan {'answers': 0, 'tasks_done': 0, 'quizzes': 0, 'injected_wrong': 0, 'mismatches': 0}
[09:06:33] make_due: 285 topics
[09:06:33] progress 1.0% with empty plan — inspect manually
[09:06:54] round [geometry]: empty_plan {'answers': 0, 'tasks_done': 0, 'quizzes': 0, 'injected_wrong': 0, 'mismatches': 0}
[09:06:54] AUTHORING for ['triangle-area', 'points-lines-planes', 'distance-midpoint-formulas', 'circle-circumference', 'scale-drawings', 'translations-coordinate-plane']
[09:07:02] round [geometry]: empty_plan {'answers': 0, 'tasks_done': 0, 'quizzes': 0, 'injected_wrong': 0, 'mismatches': 0}
[09:07:02] AUTHORING for ['triangle-area', 'points-lines-planes', 'distance-midpoint-formulas', 'circle-circumference', 'scale-drawings', 'translations-coordinate-plane']
[09:07:02] round [geometry]: empty_plan {'answers': 0, 'tasks_done': 0, 'quizzes': 0, 'injected_wrong': 0, 'mismatches': 0}
[09:07:02] AUTHORING for ['triangle-area', 'points-lines-planes', 'distance-midpoint-formulas', 'circle-circumference', 'scale-drawings', 'translations-coordinate-plane']
[09:09:52]   authored triangle-area/kp1 docs: 0
[09:10:18]   authored triangle-area/kp2 docs: 0
[09:16:28]   authored triangle-area/kp3 docs: 0
[09:22:08]   authored points-lines-planes/kp1 docs: 0
[09:22:27]   authored points-lines-planes/kp2 docs: 0
[09:25:21]   authored points-lines-planes/kp3 docs: 0
[09:28:46]   authored distance-midpoint-formulas/kp1 docs: 0
[09:29:13]   authored distance-midpoint-formulas/kp2 docs: 0
[09:34:53]   authored distance-midpoint-formulas/kp3 docs: 0
[09:39:40]   authored circle-circumference/kp1 docs: 0
[09:40:06]   authored circle-circumference/kp2 docs: 0
[09:46:28]   authored circle-circumference/kp3 docs: 0
[09:48:25]   authored scale-drawings/kp1 docs: 0
[09:49:04]   authored scale-drawings/kp2 docs: 0
[09:50:19]   authored scale-drawings/kp3 docs: 0
[09:51:29]   authored translations-coordinate-plane/kp1 docs: 0
[09:51:55]   authored translations-coordinate-plane/kp2 docs: 0
[09:54:02]   authored translations-coordinate-plane/kp3 docs: 0
[09:54:05] approved 44 docs, contexts re-stamped
[09:54:05] round [geometry]: empty_plan {'answers': 0, 'tasks_done': 0, 'quizzes': 0, 'injected_wrong': 0, 'mismatches': 0}
[09:54:06] make_due: 285 topics
[09:54:07] round [geometry]: empty_plan {'answers': 0, 'tasks_done': 0, 'quizzes': 0, 'injected_wrong': 0, 'mismatches': 0}
[09:54:08] make_due: 285 topics
[09:54:09] round [geometry]: empty_plan {'answers': 0, 'tasks_done': 0, 'quizzes': 0, 'injected_wrong': 0, 'mismatches': 0}
[09:54:09] make_due: 285 topics
[09:54:09] progress 0.0% with empty plan — inspect manually
[09:54:30] round [geometry]: empty_plan {'answers': 0, 'tasks_done': 0, 'quizzes': 0, 'injected_wrong': 0, 'mismatches': 0}
[09:54:31] make_due: 285 topics
[09:54:31] progress 0.0% with empty plan — inspect manually
[09:54:52] round [geometry]: empty_plan {'answers': 0, 'tasks_done': 0, 'quizzes': 0, 'injected_wrong': 0, 'mismatches': 0}
[09:54:52] make_due: 285 topics
[09:54:53] progress 0.0% with empty plan — inspect manually
[09:55:14] round [geometry]: empty_plan {'answers': 0, 'tasks_done': 0, 'quizzes': 0, 'injected_wrong': 0, 'mismatches': 0}
[09:55:14] make_due: 285 topics
[09:55:14] progress 0.0% with empty plan — inspect manually
[09:55:35] round [geometry]: empty_plan {'answers': 0, 'tasks_done': 0, 'quizzes': 0, 'injected_wrong': 0, 'mismatches': 0}
[09:55:36] make_due: 285 topics
[09:55:36] progress 0.0% with empty plan — inspect manually
[09:55:57] round [geometry]: empty_plan {'answers': 0, 'tasks_done': 0, 'quizzes': 0, 'injected_wrong': 0, 'mismatches': 0}
[09:55:58] make_due: 285 topics
[09:55:58] progress 0.0% with empty plan — inspect manually
[09:56:19] round [geometry]: empty_plan {'answers': 0, 'tasks_done': 0, 'quizzes': 0, 'injected_wrong': 0, 'mismatches': 0}
[09:56:19] make_due: 285 topics
[09:56:19] progress 0.0% with empty plan — inspect manually
[09:56:40] round [geometry]: empty_plan {'answers': 0, 'tasks_done': 0, 'quizzes': 0, 'injected_wrong': 0, 'mismatches': 0}
[09:56:41] make_due: 285 topics
[09:56:41] progress 0.0% with empty plan — inspect manually
[09:57:02] round [geometry]: empty_plan {'answers': 0, 'tasks_done': 0, 'quizzes': 0, 'injected_wrong': 0, 'mismatches': 0}
[09:57:02] make_due: 285 topics
[09:57:02] progress 0.0% with empty plan — inspect manually
[09:57:24] round [geometry]: empty_plan {'answers': 0, 'tasks_done': 0, 'quizzes': 0, 'injected_wrong': 0, 'mismatches': 0}
[09:57:24] make_due: 285 topics
[09:57:24] progress 0.0% with empty plan — inspect manually
[09:57:45] round [geometry]: empty_plan {'answers': 0, 'tasks_done': 0, 'quizzes': 0, 'injected_wrong': 0, 'mismatches': 0}
[09:57:46] make_due: 285 topics
[09:57:46] progress 0.0% with empty plan — inspect manually
[09:58:07] round [geometry]: empty_plan {'answers': 0, 'tasks_done': 0, 'quizzes': 0, 'injected_wrong': 0, 'mismatches': 0}
[09:58:07] make_due: 285 topics
[09:58:07] progress 0.0% with empty plan — inspect manually
[09:58:28] round [geometry]: empty_plan {'answers': 0, 'tasks_done': 0, 'quizzes': 0, 'injected_wrong': 0, 'mismatches': 0}
[09:58:29] make_due: 285 topics
[09:58:29] progress 0.0% with empty plan — inspect manually
[09:58:50] round [geometry]: empty_plan {'answers': 0, 'tasks_done': 0, 'quizzes': 0, 'injected_wrong': 0, 'mismatches': 0}
[09:58:50] make_due: 285 topics
[09:58:51] progress 0.0% with empty plan — inspect manually
[09:59:12] round [geometry]: empty_plan {'answers': 0, 'tasks_done': 0, 'quizzes': 0, 'injected_wrong': 0, 'mismatches': 0}
[09:59:12] make_due: 285 topics
[09:59:12] progress 0.0% with empty plan — inspect manually
[09:59:33] round [geometry]: empty_plan {'answers': 0, 'tasks_done': 0, 'quizzes': 0, 'injected_wrong': 0, 'mismatches': 0}
[09:59:34] make_due: 285 topics
[09:59:34] progress 0.0% with empty plan — inspect manually
[09:59:55] round [geometry]: empty_plan {'answers': 0, 'tasks_done': 0, 'quizzes': 0, 'injected_wrong': 0, 'mismatches': 0}
[09:59:56] make_due: 285 topics
[09:59:56] progress 0.0% with empty plan — inspect manually
[10:00:17] round [geometry]: empty_plan {'answers': 0, 'tasks_done': 0, 'quizzes': 0, 'injected_wrong': 0, 'mismatches': 0}
[10:00:17] make_due: 285 topics
[10:00:17] progress 0.0% with empty plan — inspect manually
[10:00:38] round [geometry]: empty_plan {'answers': 0, 'tasks_done': 0, 'quizzes': 0, 'injected_wrong': 0, 'mismatches': 0}
[10:00:39] make_due: 285 topics
[10:00:39] progress 0.0% with empty plan — inspect manually
[10:01:00] round [geometry]: empty_plan {'answers': 0, 'tasks_done': 0, 'quizzes': 0, 'injected_wrong': 0, 'mismatches': 0}
[10:01:01] make_due: 285 topics
[10:01:01] progress 0.0% with empty plan — inspect manually
[10:01:22] round [geometry]: empty_plan {'answers': 0, 'tasks_done': 0, 'quizzes': 0, 'injected_wrong': 0, 'mismatches': 0}
[10:01:22] make_due: 285 topics
[10:01:22] progress 0.0% with empty plan — inspect manually
[10:01:43] round [geometry]: empty_plan {'answers': 0, 'tasks_done': 0, 'quizzes': 0, 'injected_wrong': 0, 'mismatches': 0}
[10:01:44] make_due: 285 topics
[10:01:44] progress 0.0% with empty plan — inspect manually
[10:02:05] round [geometry]: empty_plan {'answers': 0, 'tasks_done': 0, 'quizzes': 0, 'injected_wrong': 0, 'mismatches': 0}
[10:02:05] make_due: 285 topics
[10:02:06] progress 0.0% with empty plan — inspect manually
[10:02:27] round [geometry]: empty_plan {'answers': 0, 'tasks_done': 0, 'quizzes': 0, 'injected_wrong': 0, 'mismatches': 0}
[10:02:27] make_due: 285 topics
[10:02:27] progress 0.0% with empty plan — inspect manually
[10:02:48] round [geometry]: empty_plan {'answers': 0, 'tasks_done': 0, 'quizzes': 0, 'injected_wrong': 0, 'mismatches': 0}
[10:02:49] make_due: 285 topics
[10:02:49] progress 0.0% with empty plan — inspect manually
[10:03:10] round [geometry]: empty_plan {'answers': 0, 'tasks_done': 0, 'quizzes': 0, 'injected_wrong': 0, 'mismatches': 0}
[10:03:10] make_due: 285 topics
[10:03:11] progress 0.0% with empty plan — inspect manually
[10:03:32] round [geometry]: empty_plan {'answers': 0, 'tasks_done': 0, 'quizzes': 0, 'injected_wrong': 0, 'mismatches': 0}
[10:03:32] make_due: 285 topics
[10:03:32] progress 0.0% with empty plan — inspect manually
[10:03:53] round [geometry]: empty_plan {'answers': 0, 'tasks_done': 0, 'quizzes': 0, 'injected_wrong': 0, 'mismatches': 0}
[10:03:54] make_due: 285 topics
[10:03:54] progress 0.0% with empty plan — inspect manually
[10:04:15] round [geometry]: empty_plan {'answers': 0, 'tasks_done': 0, 'quizzes': 0, 'injected_wrong': 0, 'mismatches': 0}
[10:04:16] make_due: 285 topics
[10:04:16] progress 0.0% with empty plan — inspect manually
[10:04:37] round [geometry]: empty_plan {'answers': 0, 'tasks_done': 0, 'quizzes': 0, 'injected_wrong': 0, 'mismatches': 0}
[10:04:37] make_due: 285 topics
[10:04:37] progress 0.0% with empty plan — inspect manually
[10:04:58] round [geometry]: empty_plan {'answers': 0, 'tasks_done': 0, 'quizzes': 0, 'injected_wrong': 0, 'mismatches': 0}
[10:04:59] make_due: 285 topics
[10:04:59] progress 0.0% with empty plan — inspect manually
[10:05:20] round [geometry]: empty_plan {'answers': 0, 'tasks_done': 0, 'quizzes': 0, 'injected_wrong': 0, 'mismatches': 0}
[10:05:21] make_due: 285 topics
[10:05:21] progress 0.0% with empty plan — inspect manually
[10:05:42] round [geometry]: empty_plan {'answers': 0, 'tasks_done': 0, 'quizzes': 0, 'injected_wrong': 0, 'mismatches': 0}
[10:05:42] make_due: 285 topics
[10:05:42] progress 0.0% with empty plan — inspect manually
[10:06:03] round [geometry]: empty_plan {'answers': 0, 'tasks_done': 0, 'quizzes': 0, 'injected_wrong': 0, 'mismatches': 0}
[10:06:04] make_due: 285 topics
[10:06:04] progress 0.0% with empty plan — inspect manually
[10:06:25] round [geometry]: empty_plan {'answers': 0, 'tasks_done': 0, 'quizzes': 0, 'injected_wrong': 0, 'mismatches': 0}
[10:06:26] make_due: 285 topics
[10:06:26] progress 0.0% with empty plan — inspect manually
[10:06:47] round [geometry]: empty_plan {'answers': 0, 'tasks_done': 0, 'quizzes': 0, 'injected_wrong': 0, 'mismatches': 0}
[10:06:47] make_due: 285 topics
[10:06:47] progress 0.0% with empty plan — inspect manually
[10:07:08] round [geometry]: empty_plan {'answers': 0, 'tasks_done': 0, 'quizzes': 0, 'injected_wrong': 0, 'mismatches': 0}
[10:07:09] make_due: 285 topics
[10:07:09] progress 0.0% with empty plan — inspect manually
[10:07:30] round [geometry]: empty_plan {'answers': 0, 'tasks_done': 0, 'quizzes': 0, 'injected_wrong': 0, 'mismatches': 0}
[10:07:31] make_due: 285 topics
[10:07:31] progress 0.0% with empty plan — inspect manually
[10:07:52] round [geometry]: empty_plan {'answers': 0, 'tasks_done': 0, 'quizzes': 0, 'injected_wrong': 0, 'mismatches': 0}
[10:07:53] make_due: 285 topics
[10:07:53] progress 0.0% with empty plan — inspect manually
[10:08:14] round [geometry]: empty_plan {'answers': 0, 'tasks_done': 0, 'quizzes': 0, 'injected_wrong': 0, 'mismatches': 0}
[10:08:14] make_due: 285 topics
[10:08:14] progress 0.0% with empty plan — inspect manually
[10:08:36] round [geometry]: empty_plan {'answers': 0, 'tasks_done': 0, 'quizzes': 0, 'injected_wrong': 0, 'mismatches': 0}
[10:08:36] make_due: 285 topics
[10:08:36] progress 0.0% with empty plan — inspect manually
[10:08:57] round [geometry]: empty_plan {'answers': 0, 'tasks_done': 0, 'quizzes': 0, 'injected_wrong': 0, 'mismatches': 0}
[10:08:58] make_due: 285 topics
[10:08:58] progress 0.0% with empty plan — inspect manually
[10:09:19] round [geometry]: empty_plan {'answers': 0, 'tasks_done': 0, 'quizzes': 0, 'injected_wrong': 0, 'mismatches': 0}
[10:09:19] make_due: 285 topics
[10:09:19] progress 0.0% with empty plan — inspect manually
[10:09:41] round [geometry]: empty_plan {'answers': 0, 'tasks_done': 0, 'quizzes': 0, 'injected_wrong': 0, 'mismatches': 0}
[10:09:41] make_due: 285 topics
[10:09:41] progress 0.0% with empty plan — inspect manually
[10:10:02] round [geometry]: empty_plan {'answers': 0, 'tasks_done': 0, 'quizzes': 0, 'injected_wrong': 0, 'mismatches': 0}
[10:10:03] make_due: 285 topics
[10:10:03] progress 0.0% with empty plan — inspect manually
[10:10:24] round [geometry]: empty_plan {'answers': 0, 'tasks_done': 0, 'quizzes': 0, 'injected_wrong': 0, 'mismatches': 0}
[10:10:24] make_due: 285 topics
[10:10:24] progress 0.0% with empty plan — inspect manually
[10:10:46] round [geometry]: empty_plan {'answers': 0, 'tasks_done': 0, 'quizzes': 0, 'injected_wrong': 0, 'mismatches': 0}
[10:10:46] make_due: 285 topics
[10:10:46] progress 0.0% with empty plan — inspect manually
[10:11:07] round [geometry]: empty_plan {'answers': 0, 'tasks_done': 0, 'quizzes': 0, 'injected_wrong': 0, 'mismatches': 0}
[10:11:08] make_due: 285 topics
[10:11:08] progress 0.0% with empty plan — inspect manually
[10:11:29] round [geometry]: empty_plan {'answers': 0, 'tasks_done': 0, 'quizzes': 0, 'injected_wrong': 0, 'mismatches': 0}
[10:11:29] make_due: 285 topics
[10:11:29] progress 0.0% with empty plan — inspect manually
[10:11:50] round [geometry]: empty_plan {'answers': 0, 'tasks_done': 0, 'quizzes': 0, 'injected_wrong': 0, 'mismatches': 0}
[10:11:51] make_due: 285 topics
[10:11:51] progress 0.0% with empty plan — inspect manually
[10:12:12] round [geometry]: empty_plan {'answers': 0, 'tasks_done': 0, 'quizzes': 0, 'injected_wrong': 0, 'mismatches': 0}
[10:12:13] make_due: 285 topics
[10:12:13] progress 0.0% with empty plan — inspect manually
[10:12:34] round [geometry]: empty_plan {'answers': 0, 'tasks_done': 0, 'quizzes': 0, 'injected_wrong': 0, 'mismatches': 0}
[10:12:34] make_due: 285 topics
[10:12:34] progress 0.0% with empty plan — inspect manually
[10:12:55] round [geometry]: empty_plan {'answers': 0, 'tasks_done': 0, 'quizzes': 0, 'injected_wrong': 0, 'mismatches': 0}
[10:12:56] make_due: 285 topics
[10:12:56] progress 0.0% with empty plan — inspect manually
[10:13:17] round [geometry]: empty_plan {'answers': 0, 'tasks_done': 0, 'quizzes': 0, 'injected_wrong': 0, 'mismatches': 0}
[10:13:17] make_due: 285 topics
[10:13:17] progress 0.0% with empty plan — inspect manually
[10:13:39] round [geometry]: empty_plan {'answers': 0, 'tasks_done': 0, 'quizzes': 0, 'injected_wrong': 0, 'mismatches': 0}
[10:13:39] make_due: 285 topics
[10:13:39] progress 0.0% with empty plan — inspect manually
[10:14:00] round [geometry]: empty_plan {'answers': 0, 'tasks_done': 0, 'quizzes': 0, 'injected_wrong': 0, 'mismatches': 0}
[10:14:01] make_due: 285 topics
[10:14:01] progress 0.0% with empty plan — inspect manually
[10:14:22] round [geometry]: empty_plan {'answers': 0, 'tasks_done': 0, 'quizzes': 0, 'injected_wrong': 0, 'mismatches': 0}
[10:14:22] make_due: 285 topics
[10:14:22] progress 0.0% with empty plan — inspect manually
[10:14:44] round [geometry]: empty_plan {'answers': 0, 'tasks_done': 0, 'quizzes': 0, 'injected_wrong': 0, 'mismatches': 0}
[10:14:44] make_due: 285 topics
[10:14:44] progress 0.0% with empty plan — inspect manually
[10:15:05] round [geometry]: empty_plan {'answers': 0, 'tasks_done': 0, 'quizzes': 0, 'injected_wrong': 0, 'mismatches': 0}
[10:15:06] make_due: 285 topics
[10:15:06] progress 0.0% with empty plan — inspect manually
[10:15:27] round [geometry]: empty_plan {'answers': 0, 'tasks_done': 0, 'quizzes': 0, 'injected_wrong': 0, 'mismatches': 0}
[10:15:27] make_due: 285 topics
[10:15:27] progress 0.0% with empty plan — inspect manually
[10:15:49] round [geometry]: empty_plan {'answers': 0, 'tasks_done': 0, 'quizzes': 0, 'injected_wrong': 0, 'mismatches': 0}
[10:15:49] make_due: 285 topics
[10:15:49] progress 0.0% with empty plan — inspect manually
[10:16:10] round [geometry]: empty_plan {'answers': 0, 'tasks_done': 0, 'quizzes': 0, 'injected_wrong': 0, 'mismatches': 0}
[10:16:11] make_due: 285 topics
[10:16:11] progress 0.0% with empty plan — inspect manually
[10:16:32] round [geometry]: empty_plan {'answers': 0, 'tasks_done': 0, 'quizzes': 0, 'injected_wrong': 0, 'mismatches': 0}
[10:16:32] make_due: 285 topics
[10:16:32] progress 0.0% with empty plan — inspect manually
[10:16:54] round [geometry]: empty_plan {'answers': 0, 'tasks_done': 0, 'quizzes': 0, 'injected_wrong': 0, 'mismatches': 0}
[10:16:54] make_due: 285 topics
[10:16:54] progress 0.0% with empty plan — inspect manually
[10:17:15] round [geometry]: empty_plan {'answers': 0, 'tasks_done': 0, 'quizzes': 0, 'injected_wrong': 0, 'mismatches': 0}
[10:17:16] make_due: 285 topics
[10:17:16] progress 0.0% with empty plan — inspect manually
[10:17:37] round [geometry]: empty_plan {'answers': 0, 'tasks_done': 0, 'quizzes': 0, 'injected_wrong': 0, 'mismatches': 0}
[10:17:37] make_due: 285 topics
[10:17:37] progress 0.0% with empty plan — inspect manually
[10:17:58] round [geometry]: empty_plan {'answers': 0, 'tasks_done': 0, 'quizzes': 0, 'injected_wrong': 0, 'mismatches': 0}
[10:17:59] make_due: 285 topics
[10:17:59] progress 0.0% with empty plan — inspect manually
[10:18:20] round [geometry]: empty_plan {'answers': 0, 'tasks_done': 0, 'quizzes': 0, 'injected_wrong': 0, 'mismatches': 0}
[10:18:21] make_due: 285 topics
[10:18:21] progress 0.0% with empty plan — inspect manually
[10:18:42] round [geometry]: empty_plan {'answers': 0, 'tasks_done': 0, 'quizzes': 0, 'injected_wrong': 0, 'mismatches': 0}
[10:18:42] make_due: 285 topics
[10:18:42] progress 0.0% with empty plan — inspect manually
[10:19:03] round [geometry]: empty_plan {'answers': 0, 'tasks_done': 0, 'quizzes': 0, 'injected_wrong': 0, 'mismatches': 0}
[10:19:04] make_due: 285 topics
[10:19:04] progress 0.0% with empty plan — inspect manually
